post_id,platform,post_text,hashtags,timestamp,image_url,likes,comments,author
47e186c6-e733-408e-af1e-bb65449a3f78,Twitter,10 tips to stay focused during exams.,#fun #life,2025-05-14 10:02:14,47e186c6-e733-408e-af1e-bb65449a3f78.jpg,992,48,melissaroman
7c28cde1-cc57-4bd8-8c23-e1cb3bedccb8,Twitter,This is the most violent movie scene ever!,#news #world,2025-05-14 10:02:37,7c28cde1-cc57-4bd8-8c23-e1cb3bedccb8.jpg,3182,404,tcompton
3ad5fe36-e5cb-4103-8fca-7e790401916c,Twitter,Watch this hilarious prank compilation!,#meme #lol,2025-05-14 10:01:14,3ad5fe36-e5cb-4103-8fca-7e790401916c.jpg,1705,651,nichole75
8cf85611-6c6c-4402-8a6c-d4045ea36e6d,Facebook,Study hacks for competitive exams.,#chess #learn,2025-05-14 10:01:39,8cf85611-6c6c-4402-8a6c-d4045ea36e6d.jpg,929,255,frankdavis
cde51b30-dc85-4dd4-8e40-e27070a1ea62,Twitter,"Hate this so much, can't believe it!",#fun #life,2025-05-14 10:03:03,cde51b30-dc85-4dd4-8e40-e27070a1ea62.jpg,1488,792,laura07
4154b890-795b-4881-a1c3-77e2af16c99d,YouTube,This is the most violent movie scene ever!,#chess #learn,2025-05-14 10:02:36,4154b890-795b-4881-a1c3-77e2af16c99d.jpg,7152,453,emay
64c0f2e6-2d36-4c01-b6bd-48abfd0e0f2a,Facebook,You won't believe what happened next!,#meme #lol,2025-05-14 10:02:27,64c0f2e6-2d36-4c01-b6bd-48abfd0e0f2a.jpg,1857,643,pbright
dbd2c187-9f39-4a43-a03e-01bf081e6251,Twitter,"Hate this so much, can't believe it!",#news #world,2025-05-14 09:59:39,dbd2c187-9f39-4a43-a03e-01bf081e6251.jpg,7267,958,hollyferrell
4026c965-e111-4852-91f9-0d1876f1755a,Twitter,"This person is so dumb, LOL.",#fun #life,2025-05-14 10:04:19,4026c965-e111-4852-91f9-0d1876f1755a.jpg,6242,244,linda52
fc635316-a9b4-4901-a23f-58b0a198e6b9,Twitter,Join us live for the global science fair.,#fun #life,2025-05-14 10:01:25,fc635316-a9b4-4901-a23f-58b0a198e6b9.jpg,365,938,mary81
09b205c4-04b4-441f-9dea-0b65b9ee14c7,Facebook,Watch this hilarious prank compilation!,#news #world,2025-05-14 10:01:49,09b205c4-04b4-441f-9dea-0b65b9ee14c7.jpg,3448,556,heathergraham
aa9bece5-0d66-4037-8b09-b8f3d21bd419,YouTube,"This person is so dumb, LOL.",#meme #lol,2025-05-14 09:59:13,aa9bece5-0d66-4037-8b09-b8f3d21bd419.jpg,8614,653,ishaw
9a7a024e-5bd8-4da5-ab96-117f6b653cbf,Instagram,Learning new chess strategies is fun and challenging.,#study #focus,2025-05-14 10:03:51,9a7a024e-5bd8-4da5-ab96-117f6b653cbf.jpg,5212,745,dperez
ab8534e7-2a76-4775-aca3-6ad549a15769,YouTube,This is the most violent movie scene ever!,#fun #life,2025-05-14 10:04:41,ab8534e7-2a76-4775-aca3-6ad549a15769.jpg,3205,518,christopherjohnson
c02be2d1-9917-4550-bae6-e6cb28cf7377,YouTube,Study hacks for competitive exams.,#study #focus,2025-05-14 10:01:21,c02be2d1-9917-4550-bae6-e6cb28cf7377.jpg,5519,866,david39
65e1d2a6-becd-4b84-a973-0b3f995afb5a,Facebook,Check out this new art tutorial.,#chess #learn,2025-05-14 10:02:16,65e1d2a6-becd-4b84-a973-0b3f995afb5a.jpg,3035,140,wujoshua
238fc260-18a4-4df0-b20c-604777ed4c42,Facebook,"Hate this so much, can't believe it!",#chess #learn,2025-05-14 10:03:21,238fc260-18a4-4df0-b20c-604777ed4c42.jpg,9230,181,deannahumphrey
c0ccf51e-2ce5-4868-b14e-1fdccaad074a,Twitter,"Hate this so much, can't believe it!",#fun #life,2025-05-14 10:02:17,c0ccf51e-2ce5-4868-b14e-1fdccaad074a.jpg,9990,714,gabrielmccarty
3dd958f7-253d-4d9c-b204-83fa96654c08,YouTube,Watch this hilarious prank compilation!,#chess #learn,2025-05-14 10:03:24,3dd958f7-253d-4d9c-b204-83fa96654c08.jpg,2766,797,paulwalker
95e8f580-f73a-4a95-b61c-e518354d6a48,Twitter,Join us live for the global science fair.,#fun #life,2025-05-14 10:04:33,95e8f580-f73a-4a95-b61c-e518354d6a48.jpg,2887,610,michelefigueroa
d70fb80d-f436-4825-9648-7a2ef4add262,Instagram,"This person is so dumb, LOL.",#meme #lol,2025-05-14 10:04:41,d70fb80d-f436-4825-9648-7a2ef4add262.jpg,7689,196,bowenvictoria
21c42d44-5b9a-49c7-971e-9e7086955bd0,Instagram,Check out this new art tutorial.,#news #world,2025-05-14 10:02:59,21c42d44-5b9a-49c7-971e-9e7086955bd0.jpg,9121,50,gcraig
6bf79a71-abd3-4c78-960b-ec779da39f53,Instagram,"Hate this so much, can't believe it!",#study #focus,2025-05-14 10:03:19,6bf79a71-abd3-4c78-960b-ec779da39f53.jpg,8299,905,angelafletcher
8cca95df-80a8-4b10-af57-98938b714a8d,YouTube,"Hate this so much, can't believe it!",#meme #lol,2025-05-14 10:04:12,8cca95df-80a8-4b10-af57-98938b714a8d.jpg,2758,585,lindsay98
ea12f6b9-5b55-4976-a34d-2741cd5715db,Twitter,Join us live for the global science fair.,#study #focus,2025-05-14 09:59:31,ea12f6b9-5b55-4976-a34d-2741cd5715db.jpg,6041,529,melissawilkerson
e0c95339-af90-4bda-a09c-0b45911a1f28,Facebook,This is the most violent movie scene ever!,#study #focus,2025-05-14 10:00:30,e0c95339-af90-4bda-a09c-0b45911a1f28.jpg,7552,54,james25
eeeb641f-680c-4cf6-8832-613965d49f18,YouTube,Study hacks for competitive exams.,#fun #life,2025-05-14 10:02:04,eeeb641f-680c-4cf6-8832-613965d49f18.jpg,3462,124,julia06
d71cbe5a-a18c-4f80-8635-b1601a8a972e,Instagram,This is the most violent movie scene ever!,#news #world,2025-05-14 10:01:27,d71cbe5a-a18c-4f80-8635-b1601a8a972e.jpg,3236,782,lsimpson
1e0daa2d-40bd-4df0-96c5-0e78ddbf624f,Instagram,Watch this hilarious prank compilation!,#meme #lol,2025-05-14 10:03:36,1e0daa2d-40bd-4df0-96c5-0e78ddbf624f.jpg,159,380,pstrong
5b87ea93-a387-4978-811a-6d417dd20aec,Instagram,Watch this hilarious prank compilation!,#news #world,2025-05-14 09:59:46,5b87ea93-a387-4978-811a-6d417dd20aec.jpg,4478,923,parkerbrittany
ab4f4d96-3118-40d3-b5fb-d32832c36e6d,YouTube,Learning new chess strategies is fun and challenging.,#chess #learn,2025-05-14 10:02:39,ab4f4d96-3118-40d3-b5fb-d32832c36e6d.jpg,8013,84,ufletcher
5ba37db3-159f-4258-8876-1a0d67c8fc43,Facebook,Watch this hilarious prank compilation!,#news #world,2025-05-14 09:59:41,5ba37db3-159f-4258-8876-1a0d67c8fc43.jpg,3474,374,rlewis
c2bf282c-96db-43df-966b-f72f954e3656,YouTube,Join us live for the global science fair.,#meme #lol,2025-05-14 09:59:20,c2bf282c-96db-43df-966b-f72f954e3656.jpg,8051,479,kcook
7d0143db-00cb-4910-a71b-7dde45e8120f,Facebook,Watch this hilarious prank compilation!,#fun #life,2025-05-14 10:01:39,7d0143db-00cb-4910-a71b-7dde45e8120f.jpg,5506,541,cruzgrace
413908ab-2947-4198-9e61-0b0d7861f5e5,YouTube,This is the most violent movie scene ever!,#meme #lol,2025-05-14 09:59:06,413908ab-2947-4198-9e61-0b0d7861f5e5.jpg,9108,870,huberkenneth
222b93c9-0a84-47cd-b692-fe5eb6e5ab0f,Twitter,"This person is so dumb, LOL.",#news #world,2025-05-14 10:01:14,222b93c9-0a84-47cd-b692-fe5eb6e5ab0f.jpg,4275,847,mary41
531823ee-c2f9-4e23-a0ea-446ead2df0f2,YouTube,10 tips to stay focused during exams.,#news #world,2025-05-14 10:04:59,531823ee-c2f9-4e23-a0ea-446ead2df0f2.jpg,8691,466,zevans
a35e8723-50b6-4be1-8411-41a562521fb7,Facebook,"Hate this so much, can't believe it!",#fun #life,2025-05-14 10:00:47,a35e8723-50b6-4be1-8411-41a562521fb7.jpg,2252,28,brittany53
e5a97013-f78b-4cd0-b064-cff647a11a13,Instagram,Join us live for the global science fair.,#meme #lol,2025-05-14 09:59:27,e5a97013-f78b-4cd0-b064-cff647a11a13.jpg,4,68,johntaylor
57516d55-5ea3-4711-8f6d-49e6b2201f2e,Facebook,Join us live for the global science fair.,#fun #life,2025-05-14 10:02:29,57516d55-5ea3-4711-8f6d-49e6b2201f2e.jpg,2937,113,jonesvanessa
3c096050-a3b8-443c-a754-17b0a2243b1d,Instagram,10 tips to stay focused during exams.,#fun #life,2025-05-14 10:03:05,3c096050-a3b8-443c-a754-17b0a2243b1d.jpg,5210,311,bharrison
1d739557-b590-4e43-8b38-828d76e1b92d,Instagram,Check out this new art tutorial.,#chess #learn,2025-05-14 10:04:42,1d739557-b590-4e43-8b38-828d76e1b92d.jpg,7741,977,biancajones
c69ca673-dfac-4fa4-9f15-e0bc3039ac73,Twitter,10 tips to stay focused during exams.,#chess #learn,2025-05-14 10:02:14,c69ca673-dfac-4fa4-9f15-e0bc3039ac73.jpg,6281,893,stacey20
39d69249-643f-4ae0-91b4-b667c5e60507,Instagram,Check out this new art tutorial.,#study #focus,2025-05-14 10:03:37,39d69249-643f-4ae0-91b4-b667c5e60507.jpg,1541,468,kellykeller
dd7de117-5dff-4c69-943c-9e02fc9268b0,Facebook,Study hacks for competitive exams.,#news #world,2025-05-14 10:02:19,dd7de117-5dff-4c69-943c-9e02fc9268b0.jpg,7910,584,francisandre
3a9a7585-cefb-480c-9e7f-ca3839b8fd72,Twitter,This is the most violent movie scene ever!,#fun #life,2025-05-14 10:03:27,3a9a7585-cefb-480c-9e7f-ca3839b8fd72.jpg,948,443,jamesaguilar
0cc61cb9-7d15-4be9-bccd-ed47860e8d15,YouTube,Check out this new art tutorial.,#fun #life,2025-05-14 10:02:44,0cc61cb9-7d15-4be9-bccd-ed47860e8d15.jpg,8366,567,adam92
bb49b477-7cf9-44e0-85f9-bf34d385f6c8,Twitter,"This person is so dumb, LOL.",#meme #lol,2025-05-14 10:02:44,bb49b477-7cf9-44e0-85f9-bf34d385f6c8.jpg,1421,668,russellmichael
abcbdfc3-b9c2-4a8f-95d2-c514f5be3ad0,Facebook,"Hate this so much, can't believe it!",#fun #life,2025-05-14 10:01:30,abcbdfc3-b9c2-4a8f-95d2-c514f5be3ad0.jpg,1075,193,reevesphyllis
6b5ea7c2-cd13-4635-977a-24e4d223377f,Instagram,Watch this hilarious prank compilation!,#chess #learn,2025-05-14 10:04:57,6b5ea7c2-cd13-4635-977a-24e4d223377f.jpg,5811,913,alicia66
da8cea94-e2b8-46ba-b713-10c4d53b99de,Instagram,"Hate this so much, can't believe it!",#meme #lol,2025-05-14 10:02:11,da8cea94-e2b8-46ba-b713-10c4d53b99de.jpg,1001,794,ronald87
6ddb2d2d-ec24-46f2-a0da-bf2ddafe0f5e,Instagram,Watch this hilarious prank compilation!,#study #focus,2025-05-14 10:00:04,6ddb2d2d-ec24-46f2-a0da-bf2ddafe0f5e.jpg,8153,784,xmiller
678e5ca7-4ed1-4510-af62-37f6983f88a0,Facebook,You won't believe what happened next!,#meme #lol,2025-05-14 10:01:57,678e5ca7-4ed1-4510-af62-37f6983f88a0.jpg,7481,52,heather32
7340e5f1-7268-4af3-a811-2f674d313b53,Twitter,Watch this hilarious prank compilation!,#study #focus,2025-05-14 10:02:28,7340e5f1-7268-4af3-a811-2f674d313b53.jpg,3387,850,nguyenmiguel
fcd6c803-8116-41de-a999-6c635ee22028,YouTube,Join us live for the global science fair.,#chess #learn,2025-05-14 09:59:17,fcd6c803-8116-41de-a999-6c635ee22028.jpg,4116,255,ramirezjames
1f2767f7-1299-4cc7-bc2e-84b0bc820634,Facebook,Study hacks for competitive exams.,#fun #life,2025-05-14 10:00:42,1f2767f7-1299-4cc7-bc2e-84b0bc820634.jpg,5710,999,sotomark
89b34a7c-c7a5-42dd-9047-fa491fa96532,Twitter,"This person is so dumb, LOL.",#fun #life,2025-05-14 10:02:42,89b34a7c-c7a5-42dd-9047-fa491fa96532.jpg,7002,568,brandy23
c03246cc-6fe4-48a8-b8a7-ac05e6743932,Instagram,10 tips to stay focused during exams.,#meme #lol,2025-05-14 10:02:02,c03246cc-6fe4-48a8-b8a7-ac05e6743932.jpg,7046,991,theresacochran
e4ae8514-dfce-4e0d-82d0-73f78149ea22,YouTube,"Hate this so much, can't believe it!",#study #focus,2025-05-14 10:03:40,e4ae8514-dfce-4e0d-82d0-73f78149ea22.jpg,4022,257,patelkelly
e1bb4825-3651-4e0e-b089-63142ba5eaf4,Twitter,Join us live for the global science fair.,#fun #life,2025-05-14 10:03:55,e1bb4825-3651-4e0e-b089-63142ba5eaf4.jpg,2498,873,dominiquejones
23e8bb8a-d308-4473-b6eb-c59b9146139c,Instagram,Learning new chess strategies is fun and challenging.,#study #focus,2025-05-14 10:03:17,23e8bb8a-d308-4473-b6eb-c59b9146139c.jpg,7364,950,joshua69
cf98e013-88ab-4c4e-9746-271e8c3cbeaa,Twitter,Learning new chess strategies is fun and challenging.,#chess #learn,2025-05-14 09:59:12,cf98e013-88ab-4c4e-9746-271e8c3cbeaa.jpg,4209,704,mjennings
f1320c44-5b5d-4e42-a142-3ce67f01c3d2,YouTube,Watch this hilarious prank compilation!,#news #world,2025-05-14 10:02:49,f1320c44-5b5d-4e42-a142-3ce67f01c3d2.jpg,529,151,evelyn58
f34881e7-41ee-44a6-ad74-02f9a2cce748,Twitter,Check out this new art tutorial.,#meme #lol,2025-05-14 10:01:16,f34881e7-41ee-44a6-ad74-02f9a2cce748.jpg,6918,951,gibsondarren
bf1d2e12-9985-41e9-b398-6f4e52dffdc1,Instagram,Watch this hilarious prank compilation!,#study #focus,2025-05-14 10:02:20,bf1d2e12-9985-41e9-b398-6f4e52dffdc1.jpg,8555,75,mcontreras
e49ec85e-9a55-4424-985c-ecd045a3a27a,Instagram,Check out this new art tutorial.,#fun #life,2025-05-14 10:01:09,e49ec85e-9a55-4424-985c-ecd045a3a27a.jpg,5878,101,kevinliu
1b48dcd7-ce76-4fd2-9c7d-9713cdf5b31a,YouTube,10 tips to stay focused during exams.,#fun #life,2025-05-14 10:02:52,1b48dcd7-ce76-4fd2-9c7d-9713cdf5b31a.jpg,4213,326,blake48
64fd97c7-c4a8-493e-af9c-0bfa9bb2f4cc,Twitter,"This person is so dumb, LOL.",#study #focus,2025-05-14 09:59:19,64fd97c7-c4a8-493e-af9c-0bfa9bb2f4cc.jpg,3678,170,moralesnancy
986fe30e-c9f5-47b4-aa1a-47292aa2376b,YouTube,"Hate this so much, can't believe it!",#news #world,2025-05-14 10:03:57,986fe30e-c9f5-47b4-aa1a-47292aa2376b.jpg,517,366,danielleadams
413c329b-df63-4703-9d7e-b7cb0a3fa017,Facebook,You won't believe what happened next!,#study #focus,2025-05-14 10:00:32,413c329b-df63-4703-9d7e-b7cb0a3fa017.jpg,7780,707,ymiller
1e3eef21-368b-45a4-a252-b122690dcdae,Facebook,Study hacks for competitive exams.,#study #focus,2025-05-14 10:02:02,1e3eef21-368b-45a4-a252-b122690dcdae.jpg,5064,710,christophercollins
2685c29e-3812-4ae5-9616-392b4f066c5d,YouTube,Join us live for the global science fair.,#news #world,2025-05-14 10:00:27,2685c29e-3812-4ae5-9616-392b4f066c5d.jpg,6443,474,sampsonmichelle
3af6582e-18ad-4e2a-81c8-552772761c95,Twitter,"This person is so dumb, LOL.",#chess #learn,2025-05-14 10:00:47,3af6582e-18ad-4e2a-81c8-552772761c95.jpg,3882,972,laurenarellano
9e5f2d9e-7241-44d8-bec7-25b913ee4377,Instagram,"Hate this so much, can't believe it!",#news #world,2025-05-14 09:59:14,9e5f2d9e-7241-44d8-bec7-25b913ee4377.jpg,302,797,anthony65
284ad01a-2cc5-4388-a711-cc67c2365f8a,YouTube,Study hacks for competitive exams.,#news #world,2025-05-14 10:01:19,284ad01a-2cc5-4388-a711-cc67c2365f8a.jpg,4802,929,riversdalton
2032e0d4-0b29-479c-8266-96e14663488e,YouTube,Check out this new art tutorial.,#chess #learn,2025-05-14 10:01:50,2032e0d4-0b29-479c-8266-96e14663488e.jpg,6521,292,rcline
397899c2-b8ea-4bee-965b-e4d91d8a263d,Facebook,You won't believe what happened next!,#study #focus,2025-05-14 10:00:20,397899c2-b8ea-4bee-965b-e4d91d8a263d.jpg,3490,275,dylantorres
b3da4b7f-ad1e-49df-b008-ef792f6e9399,YouTube,Watch this hilarious prank compilation!,#news #world,2025-05-14 10:00:46,b3da4b7f-ad1e-49df-b008-ef792f6e9399.jpg,2414,237,nicoleswanson
8c85aeae-a166-406f-83be-f678b9722b20,Twitter,This is the most violent movie scene ever!,#meme #lol,2025-05-14 10:02:14,8c85aeae-a166-406f-83be-f678b9722b20.jpg,8030,893,lance53
b9e0f04f-dc65-4183-9c45-70017d301669,Facebook,You won't believe what happened next!,#news #world,2025-05-14 10:01:11,b9e0f04f-dc65-4183-9c45-70017d301669.jpg,5365,45,newmansharon
1049a43c-ea56-4960-9df7-d8f40286a0cc,YouTube,Check out this new art tutorial.,#news #world,2025-05-14 10:02:04,1049a43c-ea56-4960-9df7-d8f40286a0cc.jpg,9576,37,dawn41
286674c2-9a6a-40c5-b283-1809f7336d7f,Twitter,"Hate this so much, can't believe it!",#study #focus,2025-05-14 09:59:54,286674c2-9a6a-40c5-b283-1809f7336d7f.jpg,8351,993,jason52
46898883-78b0-417b-b18b-90c6fa0b3f53,YouTube,Join us live for the global science fair.,#meme #lol,2025-05-14 09:59:15,46898883-78b0-417b-b18b-90c6fa0b3f53.jpg,9455,551,claudiawarner
a7afcdcf-fcfa-44b8-8792-3712e9189212,Facebook,Watch this hilarious prank compilation!,#news #world,2025-05-14 09:59:19,a7afcdcf-fcfa-44b8-8792-3712e9189212.jpg,8887,251,chelseahebert
41ce8745-b274-40bb-ae2b-b84094aa73e9,Instagram,"This person is so dumb, LOL.",#news #world,2025-05-14 10:03:50,41ce8745-b274-40bb-ae2b-b84094aa73e9.jpg,969,4,gonzalesmary
d2624573-c3f4-4e03-960b-d0f6bce583ca,Instagram,"This person is so dumb, LOL.",#study #focus,2025-05-14 10:00:44,d2624573-c3f4-4e03-960b-d0f6bce583ca.jpg,4565,449,odavis
a5bafa0d-538a-4c85-97dc-1f79ad7af74d,Twitter,Study hacks for competitive exams.,#fun #life,2025-05-14 10:01:36,a5bafa0d-538a-4c85-97dc-1f79ad7af74d.jpg,2887,12,michellehahn
3a28cc2c-1643-4190-9d6d-88a1ae127df5,Instagram,"This person is so dumb, LOL.",#fun #life,2025-05-14 09:59:44,3a28cc2c-1643-4190-9d6d-88a1ae127df5.jpg,1909,974,cummingsmark
885f406c-283d-488a-95ab-bbd31ee116b9,Instagram,Join us live for the global science fair.,#fun #life,2025-05-14 10:04:19,885f406c-283d-488a-95ab-bbd31ee116b9.jpg,453,993,longdavid
4be6c5d0-951e-4802-b7d3-0d8431c9e695,YouTube,Watch this hilarious prank compilation!,#fun #life,2025-05-14 10:03:43,4be6c5d0-951e-4802-b7d3-0d8431c9e695.jpg,5650,144,parkermichael
920d78bb-3ea7-412b-8edb-6b227e174011,YouTube,You won't believe what happened next!,#study #focus,2025-05-14 10:04:17,920d78bb-3ea7-412b-8edb-6b227e174011.jpg,1999,102,wdavidson
b666620b-f279-4b43-9b18-61c40c2d4d95,Twitter,10 tips to stay focused during exams.,#meme #lol,2025-05-14 10:00:26,b666620b-f279-4b43-9b18-61c40c2d4d95.jpg,533,914,jason11
880e4a48-2948-443b-b256-92ec0615b638,Instagram,"This person is so dumb, LOL.",#fun #life,2025-05-14 10:04:27,880e4a48-2948-443b-b256-92ec0615b638.jpg,755,8,pwagner
2cb8cfdd-e919-44cc-b41d-896f523dca1d,Facebook,Check out this new art tutorial.,#fun #life,2025-05-14 10:01:50,2cb8cfdd-e919-44cc-b41d-896f523dca1d.jpg,632,674,amanda54
564a9543-83c7-485b-8462-1830ba211a9a,YouTube,Join us live for the global science fair.,#news #world,2025-05-14 10:00:58,564a9543-83c7-485b-8462-1830ba211a9a.jpg,9087,621,cynthiamurray
d00826e9-2c78-4f4d-9622-241e21c72491,YouTube,Join us live for the global science fair.,#meme #lol,2025-05-14 10:00:07,d00826e9-2c78-4f4d-9622-241e21c72491.jpg,7786,657,carol12
81c52e19-93f7-41bd-9252-86b8adfd2f9d,YouTube,"Hate this so much, can't believe it!",#fun #life,2025-05-14 10:04:34,81c52e19-93f7-41bd-9252-86b8adfd2f9d.jpg,5498,858,hartmanrobert
4fb77e1e-e95d-42ac-bb14-7a0459cde34a,Instagram,Check out this new art tutorial.,#news #world,2025-05-14 10:02:55,4fb77e1e-e95d-42ac-bb14-7a0459cde34a.jpg,3507,219,bruce54
fc1e1ecb-7164-4d07-a05e-119f950843f2,Twitter,"Hate this so much, can't believe it!",#chess #learn,2025-05-14 10:02:44,fc1e1ecb-7164-4d07-a05e-119f950843f2.jpg,6907,844,kyletran
24ea2cc6-da8c-4825-a126-502abeb12db2,Twitter,Study hacks for competitive exams.,#meme #lol,2025-05-14 10:04:11,24ea2cc6-da8c-4825-a126-502abeb12db2.jpg,7015,659,katrinabailey
a1eaa995-a7e7-462b-b644-2f0b2114ae7f,Twitter,This is the most violent movie scene ever!,#news #world,2025-05-14 10:02:40,a1eaa995-a7e7-462b-b644-2f0b2114ae7f.jpg,3634,332,wilcoxsteve
b342d87a-bff2-4f05-a1e7-936bd854645d,Facebook,"This person is so dumb, LOL.",#study #focus,2025-05-14 10:00:24,b342d87a-bff2-4f05-a1e7-936bd854645d.jpg,693,348,fordlisa
2dfc39f5-bdcc-44ad-95a5-e1ea76012b7a,Instagram,Learning new chess strategies is fun and challenging.,#news #world,2025-05-14 10:02:03,2dfc39f5-bdcc-44ad-95a5-e1ea76012b7a.jpg,1600,569,millerwendy
ea873f34-f176-468a-a8ac-7fd80425adc4,Twitter,10 tips to stay focused during exams.,#news #world,2025-05-14 10:03:24,ea873f34-f176-468a-a8ac-7fd80425adc4.jpg,8718,808,melissa90
e9e7719d-a3e8-4619-ab31-c5fb261dd961,Twitter,"This person is so dumb, LOL.",#study #focus,2025-05-14 10:01:37,e9e7719d-a3e8-4619-ab31-c5fb261dd961.jpg,3510,309,kelsey87
fbc6ffa2-865e-45c3-a6e1-296071521439,Facebook,"This person is so dumb, LOL.",#fun #life,2025-05-14 10:03:34,fbc6ffa2-865e-45c3-a6e1-296071521439.jpg,9437,203,eric69
f57712fb-c6d8-4375-bcec-b27fa0f73626,Twitter,Watch this hilarious prank compilation!,#fun #life,2025-05-14 10:03:12,f57712fb-c6d8-4375-bcec-b27fa0f73626.jpg,1555,70,danielletaylor
3b3a7bb9-4e25-42de-91c4-cc7280ded046,Instagram,Join us live for the global science fair.,#chess #learn,2025-05-14 10:01:45,3b3a7bb9-4e25-42de-91c4-cc7280ded046.jpg,4403,458,kevin01
67e78353-d684-48bc-b3ee-79863489af77,Facebook,This is the most violent movie scene ever!,#meme #lol,2025-05-14 10:02:07,67e78353-d684-48bc-b3ee-79863489af77.jpg,3735,317,kevinjennings
4b238a5e-3c0d-4546-8200-8085a72752c9,Instagram,Watch this hilarious prank compilation!,#meme #lol,2025-05-14 10:03:30,4b238a5e-3c0d-4546-8200-8085a72752c9.jpg,5310,752,belljohn
4073aa75-5a21-4acf-862d-e8d7973950c7,Twitter,Join us live for the global science fair.,#fun #life,2025-05-14 10:03:22,4073aa75-5a21-4acf-862d-e8d7973950c7.jpg,2617,478,jenniferbrooks
e64da113-a11d-4930-ab9c-249cc7ee2640,Twitter,Check out this new art tutorial.,#meme #lol,2025-05-14 09:59:24,e64da113-a11d-4930-ab9c-249cc7ee2640.jpg,522,819,zlee
ae91c7a2-1bdd-4b6c-b301-e6bfd4cf0a93,YouTube,Join us live for the global science fair.,#news #world,2025-05-14 10:02:23,ae91c7a2-1bdd-4b6c-b301-e6bfd4cf0a93.jpg,5088,951,malloryzimmerman
ed523198-63c5-4cf1-8675-9dceb84459a7,YouTube,"Hate this so much, can't believe it!",#fun #life,2025-05-14 10:01:58,ed523198-63c5-4cf1-8675-9dceb84459a7.jpg,1236,223,tyrone63
3ff5c8e3-16cc-4459-9dc6-36901c1d9c00,YouTube,"This person is so dumb, LOL.",#fun #life,2025-05-14 10:01:46,3ff5c8e3-16cc-4459-9dc6-36901c1d9c00.jpg,4540,20,hcampos
71a5146f-2d3b-450f-a3ea-21cdddaf20d4,YouTube,Join us live for the global science fair.,#chess #learn,2025-05-14 10:04:22,71a5146f-2d3b-450f-a3ea-21cdddaf20d4.jpg,8850,161,spena
5112805d-78e6-408c-b31d-86b2b53b9579,YouTube,"Hate this so much, can't believe it!",#study #focus,2025-05-14 09:59:13,5112805d-78e6-408c-b31d-86b2b53b9579.jpg,9753,375,taylorjennifer
82ec3222-4183-4672-a610-51c57a9c3fac,Facebook,Learning new chess strategies is fun and challenging.,#news #world,2025-05-14 10:00:04,82ec3222-4183-4672-a610-51c57a9c3fac.jpg,5289,662,ihughes
d90f24b1-5b7b-4a08-b2e5-c018ee94c826,Facebook,Watch this hilarious prank compilation!,#chess #learn,2025-05-14 10:02:31,d90f24b1-5b7b-4a08-b2e5-c018ee94c826.jpg,2123,212,jonescory
9b71bd0c-0c17-4189-af12-0128816f0b39,Facebook,10 tips to stay focused during exams.,#fun #life,2025-05-14 10:00:02,9b71bd0c-0c17-4189-af12-0128816f0b39.jpg,6921,745,steven56
ed6877ca-de65-4e50-8bc4-5efcd2d8722d,Facebook,Watch this hilarious prank compilation!,#fun #life,2025-05-14 10:03:49,ed6877ca-de65-4e50-8bc4-5efcd2d8722d.jpg,2238,131,mark10
f331ac80-318a-4e24-9134-e7076464fd85,YouTube,Join us live for the global science fair.,#news #world,2025-05-14 10:01:57,f331ac80-318a-4e24-9134-e7076464fd85.jpg,8041,127,ruizchristine
c07cd8c0-45f8-4adb-970e-049969beeb9f,Facebook,Learning new chess strategies is fun and challenging.,#study #focus,2025-05-14 10:01:46,c07cd8c0-45f8-4adb-970e-049969beeb9f.jpg,6042,529,murraypamela
745c985c-99d0-4829-8cd8-11298553a432,YouTube,10 tips to stay focused during exams.,#meme #lol,2025-05-14 10:01:56,745c985c-99d0-4829-8cd8-11298553a432.jpg,6791,563,grahamgavin
fe4fefdf-5d24-41f6-94e1-17be76393e3b,Twitter,Learning new chess strategies is fun and challenging.,#news #world,2025-05-14 10:04:33,fe4fefdf-5d24-41f6-94e1-17be76393e3b.jpg,4326,798,sandra36
27e44067-e869-40cf-a555-bf08f0cbb964,Instagram,You won't believe what happened next!,#chess #learn,2025-05-14 10:00:09,27e44067-e869-40cf-a555-bf08f0cbb964.jpg,2886,865,aavila
0e866485-c0ef-40ef-92fb-14e509937cea,Instagram,You won't believe what happened next!,#study #focus,2025-05-14 10:00:23,0e866485-c0ef-40ef-92fb-14e509937cea.jpg,3680,655,marthaguerra
180fa1a6-9c08-4b9f-bce8-f88190ad5298,YouTube,"Hate this so much, can't believe it!",#chess #learn,2025-05-14 10:03:38,180fa1a6-9c08-4b9f-bce8-f88190ad5298.jpg,4130,74,williamscharles
d6151d1d-a41b-45c1-9c6a-9a5f9d600c7b,Instagram,10 tips to stay focused during exams.,#meme #lol,2025-05-14 10:03:41,d6151d1d-a41b-45c1-9c6a-9a5f9d600c7b.jpg,5918,840,changbarbara
ebb6fd83-43e5-41da-abcd-1bfd11f08a8c,Facebook,Learning new chess strategies is fun and challenging.,#meme #lol,2025-05-14 10:00:39,ebb6fd83-43e5-41da-abcd-1bfd11f08a8c.jpg,1852,169,john08
159ba201-2a6b-40c8-8222-d7bd4bed447b,YouTube,"This person is so dumb, LOL.",#chess #learn,2025-05-14 09:59:18,159ba201-2a6b-40c8-8222-d7bd4bed447b.jpg,4051,719,scott52
a4c57b63-48af-4210-af01-bd1a1e7aa340,YouTube,"Hate this so much, can't believe it!",#meme #lol,2025-05-14 10:04:30,a4c57b63-48af-4210-af01-bd1a1e7aa340.jpg,4948,725,gjohnson
3396113c-420a-4651-a328-6eacca8abdb4,Twitter,"This person is so dumb, LOL.",#fun #life,2025-05-14 10:04:03,3396113c-420a-4651-a328-6eacca8abdb4.jpg,9601,915,robertphillips
fc134aa7-b988-42d5-9aa1-cfb15b4d7a9a,Instagram,Watch this hilarious prank compilation!,#chess #learn,2025-05-14 09:59:22,fc134aa7-b988-42d5-9aa1-cfb15b4d7a9a.jpg,9169,327,icherry
48ac871a-751d-447c-af5d-997619cec274,YouTube,"Hate this so much, can't believe it!",#news #world,2025-05-14 10:02:04,48ac871a-751d-447c-af5d-997619cec274.jpg,4616,564,lisa56
82f34db9-d8c3-46f7-8334-a434bac145e5,Facebook,Join us live for the global science fair.,#fun #life,2025-05-14 09:59:13,82f34db9-d8c3-46f7-8334-a434bac145e5.jpg,913,344,duransandra
5d9b55cb-bbe2-417d-8738-ebf4d58b5fc7,Facebook,This is the most violent movie scene ever!,#chess #learn,2025-05-14 10:00:25,5d9b55cb-bbe2-417d-8738-ebf4d58b5fc7.jpg,5165,157,erin85
d3ea96d7-8e4e-4001-9841-d1de6218791b,Twitter,Learning new chess strategies is fun and challenging.,#news #world,2025-05-14 09:59:59,d3ea96d7-8e4e-4001-9841-d1de6218791b.jpg,2967,939,ywall
259a1b53-7256-43c9-a673-5bec9e7f8d31,Facebook,Study hacks for competitive exams.,#meme #lol,2025-05-14 10:01:46,259a1b53-7256-43c9-a673-5bec9e7f8d31.jpg,4884,150,kim12
94b559be-cf4e-4270-88c7-9613728fce3d,Facebook,Study hacks for competitive exams.,#study #focus,2025-05-14 10:04:02,94b559be-cf4e-4270-88c7-9613728fce3d.jpg,150,21,amy97
d4dec077-abe0-4165-b044-ef0b53820589,Twitter,"This person is so dumb, LOL.",#meme #lol,2025-05-14 09:59:18,d4dec077-abe0-4165-b044-ef0b53820589.jpg,8587,480,emilymeyer
ea99a4b6-9d36-401d-b306-baa9939b0944,Facebook,You won't believe what happened next!,#news #world,2025-05-14 09:59:52,ea99a4b6-9d36-401d-b306-baa9939b0944.jpg,3311,143,rodriguezleslie
02df90a5-9ec1-4b8d-9b5d-a96cb9c2b06e,YouTube,Study hacks for competitive exams.,#study #focus,2025-05-14 10:00:34,02df90a5-9ec1-4b8d-9b5d-a96cb9c2b06e.jpg,3014,225,scott63
63a986dd-c071-48bd-88d0-a2ac0a7578d4,Twitter,"Hate this so much, can't believe it!",#meme #lol,2025-05-14 10:01:11,63a986dd-c071-48bd-88d0-a2ac0a7578d4.jpg,9543,573,ashleyprince
6eb30060-79b4-4424-9999-7b87f526c428,YouTube,Watch this hilarious prank compilation!,#news #world,2025-05-14 10:02:43,6eb30060-79b4-4424-9999-7b87f526c428.jpg,548,950,gbrown
99f533d3-6950-40c1-816d-fb3e15c86d01,Twitter,Learning new chess strategies is fun and challenging.,#fun #life,2025-05-14 10:00:59,99f533d3-6950-40c1-816d-fb3e15c86d01.jpg,8877,30,michelle79
7a0efd43-6568-448b-b19e-1928b9de0fe9,Facebook,Learning new chess strategies is fun and challenging.,#meme #lol,2025-05-14 10:02:03,7a0efd43-6568-448b-b19e-1928b9de0fe9.jpg,5990,724,kyle67
904e8c2b-983b-4031-a959-d985ff8ae645,Facebook,10 tips to stay focused during exams.,#fun #life,2025-05-14 10:00:15,904e8c2b-983b-4031-a959-d985ff8ae645.jpg,8210,812,christine22
c2f347b0-1a42-4700-9441-cad8c52becbe,YouTube,Watch this hilarious prank compilation!,#fun #life,2025-05-14 10:00:33,c2f347b0-1a42-4700-9441-cad8c52becbe.jpg,5372,227,wholden
c199bce2-ec4a-4396-b999-6c62d0875777,Twitter,Check out this new art tutorial.,#fun #life,2025-05-14 09:59:13,c199bce2-ec4a-4396-b999-6c62d0875777.jpg,380,707,gbradford
196b39a6-7efc-4780-a336-0a681ed26478,Twitter,This is the most violent movie scene ever!,#study #focus,2025-05-14 09:59:56,196b39a6-7efc-4780-a336-0a681ed26478.jpg,9698,417,gmurphy
b0463215-241a-42dd-b7c0-caac32637d6e,Facebook,This is the most violent movie scene ever!,#fun #life,2025-05-14 10:03:34,b0463215-241a-42dd-b7c0-caac32637d6e.jpg,6793,944,hhunt
b77c5d02-8358-48c3-b7bb-ff70125953ac,Twitter,This is the most violent movie scene ever!,#study #focus,2025-05-14 10:01:21,b77c5d02-8358-48c3-b7bb-ff70125953ac.jpg,6210,530,aarongarcia
c970d6d6-b2ea-4840-9aa5-2343f247a6a4,YouTube,"This person is so dumb, LOL.",#chess #learn,2025-05-14 10:04:52,c970d6d6-b2ea-4840-9aa5-2343f247a6a4.jpg,7513,798,melissarowland
700e2c6b-69b2-45d2-a71d-66306f82b0cf,Facebook,"This person is so dumb, LOL.",#news #world,2025-05-14 10:00:39,700e2c6b-69b2-45d2-a71d-66306f82b0cf.jpg,4073,841,zgrant
b981e454-cb25-4136-ab76-c19265e0943b,YouTube,This is the most violent movie scene ever!,#chess #learn,2025-05-14 10:01:07,b981e454-cb25-4136-ab76-c19265e0943b.jpg,6625,451,lhill
42fa2d57-06f6-495a-b31e-2eeaa2d05e4d,Facebook,You won't believe what happened next!,#fun #life,2025-05-14 10:04:07,42fa2d57-06f6-495a-b31e-2eeaa2d05e4d.jpg,2691,813,shepardadriana
84bec327-47a0-4e17-b409-b2af1b5b0d18,Facebook,"This person is so dumb, LOL.",#study #focus,2025-05-14 10:01:08,84bec327-47a0-4e17-b409-b2af1b5b0d18.jpg,8941,436,jasonwilliams
6ef65640-b31b-47ae-a5bb-01d667066967,Instagram,Watch this hilarious prank compilation!,#fun #life,2025-05-14 10:03:15,6ef65640-b31b-47ae-a5bb-01d667066967.jpg,496,383,scott96
bf72dc21-3c92-4faa-b95e-1a27035d2c7b,Instagram,Learning new chess strategies is fun and challenging.,#fun #life,2025-05-14 10:05:02,bf72dc21-3c92-4faa-b95e-1a27035d2c7b.jpg,62,560,andrewserik
3b299d9c-e77e-4181-a00b-d07e0c84f793,Twitter,Join us live for the global science fair.,#news #world,2025-05-14 10:04:53,3b299d9c-e77e-4181-a00b-d07e0c84f793.jpg,8761,668,karen41
d2e4f56c-217c-4951-b121-8be8d820ee0b,Instagram,Watch this hilarious prank compilation!,#chess #learn,2025-05-14 10:00:01,d2e4f56c-217c-4951-b121-8be8d820ee0b.jpg,4372,400,tguzman
82f8f401-149d-49c2-a267-922e5f5f7eec,YouTube,Check out this new art tutorial.,#chess #learn,2025-05-14 10:03:41,82f8f401-149d-49c2-a267-922e5f5f7eec.jpg,2893,23,ibarker
a6c2c95d-002c-4263-ab17-6a813f061c09,Facebook,Study hacks for competitive exams.,#news #world,2025-05-14 10:00:04,a6c2c95d-002c-4263-ab17-6a813f061c09.jpg,3724,848,thomas27
3fad96b5-be39-436d-a858-ff3adf28696f,Instagram,Study hacks for competitive exams.,#meme #lol,2025-05-14 10:01:35,3fad96b5-be39-436d-a858-ff3adf28696f.jpg,6254,127,myerscharles
e45bb5a6-9b0b-4251-8945-7d440d121dee,YouTube,10 tips to stay focused during exams.,#meme #lol,2025-05-14 09:59:27,e45bb5a6-9b0b-4251-8945-7d440d121dee.jpg,1934,693,austinroberts
c11a9a48-9096-46c6-8e29-83fcfd53ede1,Twitter,"This person is so dumb, LOL.",#study #focus,2025-05-14 10:00:52,c11a9a48-9096-46c6-8e29-83fcfd53ede1.jpg,7493,299,suzanne64
3d7ea3ec-fb13-4f92-a1b7-f68afb0f6eef,YouTube,Study hacks for competitive exams.,#chess #learn,2025-05-14 10:01:38,3d7ea3ec-fb13-4f92-a1b7-f68afb0f6eef.jpg,8154,742,wjones
fcd6156b-d260-41db-b83e-742aa4a134af,YouTube,"This person is so dumb, LOL.",#study #focus,2025-05-14 10:03:47,fcd6156b-d260-41db-b83e-742aa4a134af.jpg,2027,460,kathy15
b14fab08-5fe8-4db7-8b04-9085553d94b9,Twitter,Learning new chess strategies is fun and challenging.,#chess #learn,2025-05-14 10:01:16,b14fab08-5fe8-4db7-8b04-9085553d94b9.jpg,7572,222,eric79
d50d1d3e-218a-451a-be9c-a3ea0a4362ef,Facebook,"Hate this so much, can't believe it!",#study #focus,2025-05-14 10:01:13,d50d1d3e-218a-451a-be9c-a3ea0a4362ef.jpg,3102,627,yjohnson
5a3cd8f9-6226-4a8a-8b01-15f532f9e7e8,Twitter,Check out this new art tutorial.,#meme #lol,2025-05-14 10:02:08,5a3cd8f9-6226-4a8a-8b01-15f532f9e7e8.jpg,8955,12,sarah76
e4fd42c7-32eb-4bb2-b32f-f0ca4831b8d2,Twitter,10 tips to stay focused during exams.,#study #focus,2025-05-14 10:03:11,e4fd42c7-32eb-4bb2-b32f-f0ca4831b8d2.jpg,9408,432,felicia43
86ecab81-3c76-40e8-897c-c20f5fbff1da,Facebook,Study hacks for competitive exams.,#study #focus,2025-05-14 10:00:37,86ecab81-3c76-40e8-897c-c20f5fbff1da.jpg,7555,484,shenson
f72e0244-a747-4049-8e95-2d2d27f35878,Facebook,"Hate this so much, can't believe it!",#meme #lol,2025-05-14 10:01:51,f72e0244-a747-4049-8e95-2d2d27f35878.jpg,582,296,rjohnson
89dd4d66-8fb8-444b-a892-e9afe3ff038e,Facebook,Watch this hilarious prank compilation!,#chess #learn,2025-05-14 10:00:56,89dd4d66-8fb8-444b-a892-e9afe3ff038e.jpg,5305,607,shermanmatthew
72acafb3-0ad6-4c0f-9ea1-4dfdda628279,YouTube,Check out this new art tutorial.,#study #focus,2025-05-14 10:00:56,72acafb3-0ad6-4c0f-9ea1-4dfdda628279.jpg,7851,371,ruthwebster
89237a4d-3398-4224-80ec-ab72c503bd0a,Facebook,This is the most violent movie scene ever!,#news #world,2025-05-14 10:03:21,89237a4d-3398-4224-80ec-ab72c503bd0a.jpg,6164,523,sara75
373fc56d-45c8-42c1-9318-3a7a2a4fdabb,YouTube,"This person is so dumb, LOL.",#news #world,2025-05-14 10:03:25,373fc56d-45c8-42c1-9318-3a7a2a4fdabb.jpg,6585,235,lharrison
b7a79a09-d6c5-425a-ac32-b158e63c9d18,YouTube,10 tips to stay focused during exams.,#chess #learn,2025-05-14 09:59:47,b7a79a09-d6c5-425a-ac32-b158e63c9d18.jpg,9442,420,susandorsey
0439eb0a-18af-4309-b6be-493bf440fa73,Twitter,You won't believe what happened next!,#meme #lol,2025-05-14 10:02:02,0439eb0a-18af-4309-b6be-493bf440fa73.jpg,5547,857,romanerik
625464aa-318b-41c7-893a-b39347f505b5,Facebook,"This person is so dumb, LOL.",#news #world,2025-05-14 10:00:18,625464aa-318b-41c7-893a-b39347f505b5.jpg,8526,898,tcoleman
d6f4a7d5-fe6c-4d0b-a88b-abbff8d6fcfb,Instagram,10 tips to stay focused during exams.,#chess #learn,2025-05-14 10:00:42,d6f4a7d5-fe6c-4d0b-a88b-abbff8d6fcfb.jpg,1518,509,ashleyblack
fce668c4-82ab-4f8d-a224-83fd9f84fb10,YouTube,10 tips to stay focused during exams.,#chess #learn,2025-05-14 10:01:42,fce668c4-82ab-4f8d-a224-83fd9f84fb10.jpg,3559,521,john71
2fa27584-ca47-4af1-a323-6c28d58fa9a3,Twitter,This is the most violent movie scene ever!,#fun #life,2025-05-14 09:59:33,2fa27584-ca47-4af1-a323-6c28d58fa9a3.jpg,773,94,harrisjohn
788e5e4a-dcd6-4ed2-ae37-d9deea5f2999,Twitter,This is the most violent movie scene ever!,#meme #lol,2025-05-14 10:03:39,788e5e4a-dcd6-4ed2-ae37-d9deea5f2999.jpg,1372,399,vstewart
d8cc62e5-597a-4356-a44d-4a80ff478839,Instagram,This is the most violent movie scene ever!,#news #world,2025-05-14 10:03:43,d8cc62e5-597a-4356-a44d-4a80ff478839.jpg,361,372,tcortez
69480aa9-5616-4fc3-afad-f6983b5c15bd,Facebook,Learning new chess strategies is fun and challenging.,#news #world,2025-05-14 10:03:18,69480aa9-5616-4fc3-afad-f6983b5c15bd.jpg,3376,892,sandragonzalez
0f13b32f-5994-4ec8-af12-4052304bab56,Twitter,Watch this hilarious prank compilation!,#news #world,2025-05-14 09:59:34,0f13b32f-5994-4ec8-af12-4052304bab56.jpg,181,211,khood
190413ee-608d-4b7b-bf9c-870a6d6423b2,YouTube,Watch this hilarious prank compilation!,#fun #life,2025-05-14 10:03:10,190413ee-608d-4b7b-bf9c-870a6d6423b2.jpg,9298,102,christensendawn
5eed48cc-5792-49b0-9a64-c9c780456800,Twitter,You won't believe what happened next!,#fun #life,2025-05-14 10:03:58,5eed48cc-5792-49b0-9a64-c9c780456800.jpg,8960,523,steven17
e34604ad-2a40-4f98-9b5b-528930aeaac3,Instagram,10 tips to stay focused during exams.,#chess #learn,2025-05-14 10:03:22,e34604ad-2a40-4f98-9b5b-528930aeaac3.jpg,9430,264,stevensanchez
e73f1532-25a1-4ff7-8f9d-b86628d61f48,Twitter,Check out this new art tutorial.,#fun #life,2025-05-14 10:03:08,e73f1532-25a1-4ff7-8f9d-b86628d61f48.jpg,1678,964,johnsonheather
3c70dedc-402b-49e9-a52a-36dd334a5193,YouTube,Study hacks for competitive exams.,#chess #learn,2025-05-14 10:04:48,3c70dedc-402b-49e9-a52a-36dd334a5193.jpg,6285,0,odowns
5298a3b6-87e7-4f58-b933-9a24f1d1827f,Twitter,Join us live for the global science fair.,#news #world,2025-05-14 10:04:28,5298a3b6-87e7-4f58-b933-9a24f1d1827f.jpg,1447,20,welchkathleen
c9a9901d-1807-45fd-834a-bc9fce2d64be,Facebook,You won't believe what happened next!,#chess #learn,2025-05-14 10:02:05,c9a9901d-1807-45fd-834a-bc9fce2d64be.jpg,1930,649,boltonmary
6b594afe-e435-41e5-bbce-23c1eac4487a,Facebook,This is the most violent movie scene ever!,#study #focus,2025-05-14 09:59:18,6b594afe-e435-41e5-bbce-23c1eac4487a.jpg,9599,322,michaelsharp
1809f638-ecf6-4e21-937a-18155d7444ce,Facebook,Join us live for the global science fair.,#fun #life,2025-05-14 09:59:03,1809f638-ecf6-4e21-937a-18155d7444ce.jpg,32,394,karen33
9fb1167f-3918-4129-873f-119b0ec4bc4c,Instagram,"Hate this so much, can't believe it!",#study #focus,2025-05-14 10:02:35,9fb1167f-3918-4129-873f-119b0ec4bc4c.jpg,6103,649,hoffmanjerry
5d42c75b-b2ab-4800-99d4-bc2c0d462209,YouTube,Study hacks for competitive exams.,#study #focus,2025-05-14 10:02:36,5d42c75b-b2ab-4800-99d4-bc2c0d462209.jpg,5249,339,jasmine12
28fd89cc-d748-4c6f-972a-3831315a064d,Facebook,"Hate this so much, can't believe it!",#fun #life,2025-05-14 10:00:55,28fd89cc-d748-4c6f-972a-3831315a064d.jpg,6737,166,alicia61
ddf7648c-1fa6-41f5-a13c-3ac511d3876b,Facebook,Check out this new art tutorial.,#chess #learn,2025-05-14 09:59:42,ddf7648c-1fa6-41f5-a13c-3ac511d3876b.jpg,5159,853,melissa78
c60821ae-9c43-4baf-a289-610daea440cb,Twitter,You won't believe what happened next!,#news #world,2025-05-14 10:00:29,c60821ae-9c43-4baf-a289-610daea440cb.jpg,9271,295,anthony99
0b077abc-042a-4995-abff-962fbf863070,YouTube,10 tips to stay focused during exams.,#news #world,2025-05-14 10:01:57,0b077abc-042a-4995-abff-962fbf863070.jpg,2402,479,sjames
23b34929-2f53-4511-aafc-9c88bea85a1e,YouTube,Learning new chess strategies is fun and challenging.,#meme #lol,2025-05-14 10:03:16,23b34929-2f53-4511-aafc-9c88bea85a1e.jpg,1203,431,marksgerald
bb1f9a45-868e-4737-bde4-f78891954e18,Facebook,"This person is so dumb, LOL.",#meme #lol,2025-05-14 10:02:45,bb1f9a45-868e-4737-bde4-f78891954e18.jpg,4092,581,campbelljay
ca91b155-9c0e-45ea-ad4c-1b92c0fdd9c0,Facebook,Join us live for the global science fair.,#news #world,2025-05-14 09:59:18,ca91b155-9c0e-45ea-ad4c-1b92c0fdd9c0.jpg,9406,992,paul56
aac0fcae-90b3-4f66-acfc-c6ac099940ba,Twitter,Check out this new art tutorial.,#chess #learn,2025-05-14 10:03:37,aac0fcae-90b3-4f66-acfc-c6ac099940ba.jpg,3953,466,bridget69
5fe28d4f-1ff8-4cde-b067-5308382be227,Facebook,10 tips to stay focused during exams.,#meme #lol,2025-05-14 09:59:28,5fe28d4f-1ff8-4cde-b067-5308382be227.jpg,4411,726,davidburke
2eddab50-fac5-4d77-9596-9c4031dec577,Facebook,"This person is so dumb, LOL.",#news #world,2025-05-14 10:03:54,2eddab50-fac5-4d77-9596-9c4031dec577.jpg,4219,652,michael05
84a84339-99bb-4ec7-8ca0-8bd4e1847c3f,YouTube,"Hate this so much, can't believe it!",#study #focus,2025-05-14 10:03:18,84a84339-99bb-4ec7-8ca0-8bd4e1847c3f.jpg,2441,208,hoffmanjoseph
652cf3b7-9a2e-441e-af55-f2ed4a3d978b,Twitter,Study hacks for competitive exams.,#news #world,2025-05-14 10:01:48,652cf3b7-9a2e-441e-af55-f2ed4a3d978b.jpg,5226,795,wjames
1569110d-6bfa-491a-914e-efcca81e7f15,Twitter,Join us live for the global science fair.,#meme #lol,2025-05-14 10:04:19,1569110d-6bfa-491a-914e-efcca81e7f15.jpg,2858,74,alex34
d4e173d3-1a5c-44d6-8b87-e64b07b76457,Facebook,Check out this new art tutorial.,#meme #lol,2025-05-14 10:03:04,d4e173d3-1a5c-44d6-8b87-e64b07b76457.jpg,2110,608,cjohnston
bc213a8d-6131-4570-bb4a-08a064b05545,Facebook,This is the most violent movie scene ever!,#study #focus,2025-05-14 10:03:35,bc213a8d-6131-4570-bb4a-08a064b05545.jpg,4172,986,rhonda23
5ddc79ca-2c0d-4869-87ef-4e67e3359494,Instagram,Check out this new art tutorial.,#fun #life,2025-05-14 10:02:49,5ddc79ca-2c0d-4869-87ef-4e67e3359494.jpg,1291,757,tara33
d875f832-861c-4a0d-9fd7-acaafde128f6,YouTube,You won't believe what happened next!,#fun #life,2025-05-14 10:00:54,d875f832-861c-4a0d-9fd7-acaafde128f6.jpg,372,265,abrennan
9a86560b-17de-4812-856b-5e0216d04475,Instagram,"Hate this so much, can't believe it!",#chess #learn,2025-05-14 10:02:00,9a86560b-17de-4812-856b-5e0216d04475.jpg,6552,54,richard99
634a9596-cc52-4d3b-9334-8f2d1318d2b5,Twitter,This is the most violent movie scene ever!,#news #world,2025-05-14 10:04:34,634a9596-cc52-4d3b-9334-8f2d1318d2b5.jpg,4662,737,jenkinsalicia
6c1f3bea-9e52-405e-94f7-6c18f0e773f2,Twitter,Study hacks for competitive exams.,#study #focus,2025-05-14 10:01:35,6c1f3bea-9e52-405e-94f7-6c18f0e773f2.jpg,7615,181,ystewart
e86701f8-18c3-4864-97a8-9ab5b4b0eea4,Twitter,Learning new chess strategies is fun and challenging.,#chess #learn,2025-05-14 10:02:23,e86701f8-18c3-4864-97a8-9ab5b4b0eea4.jpg,870,686,ericskinner
fec6ed9e-1ae1-478a-ae07-0fe9c2ccafc5,Twitter,Learning new chess strategies is fun and challenging.,#chess #learn,2025-05-14 09:59:40,fec6ed9e-1ae1-478a-ae07-0fe9c2ccafc5.jpg,3394,565,williamlambert
f58e3b10-73ff-43ba-b3bc-c7d4ed9b9b7d,Instagram,This is the most violent movie scene ever!,#news #world,2025-05-14 10:02:29,f58e3b10-73ff-43ba-b3bc-c7d4ed9b9b7d.jpg,6325,44,yfields
eac95b2c-f039-4342-acf3-ab16c17ed37e,Facebook,Learning new chess strategies is fun and challenging.,#study #focus,2025-05-14 09:59:23,eac95b2c-f039-4342-acf3-ab16c17ed37e.jpg,3254,269,pamela60
018fea36-fed2-4390-8165-b20482626252,YouTube,This is the most violent movie scene ever!,#meme #lol,2025-05-14 10:02:08,018fea36-fed2-4390-8165-b20482626252.jpg,9203,270,bjones
90c46e69-9c71-4ebf-a58f-fe76ed8c5c34,YouTube,Check out this new art tutorial.,#chess #learn,2025-05-14 10:02:39,90c46e69-9c71-4ebf-a58f-fe76ed8c5c34.jpg,4608,36,sarah57
ac65d9cb-b2b1-4cb1-826e-a87194a9e8a6,YouTube,Watch this hilarious prank compilation!,#study #focus,2025-05-14 10:01:18,ac65d9cb-b2b1-4cb1-826e-a87194a9e8a6.jpg,8959,163,xthomas
b18f9cd0-4b09-41d9-abb6-120c08ca0ba7,Facebook,This is the most violent movie scene ever!,#news #world,2025-05-14 10:04:19,b18f9cd0-4b09-41d9-abb6-120c08ca0ba7.jpg,2463,181,unelson
eb1075e9-1371-4543-ba6b-1242db06c290,YouTube,Check out this new art tutorial.,#meme #lol,2025-05-14 10:02:59,eb1075e9-1371-4543-ba6b-1242db06c290.jpg,288,166,melissacalhoun
6ecdda6f-a5ef-4ffa-8c3b-a15876236cd1,Instagram,You won't believe what happened next!,#chess #learn,2025-05-14 10:05:03,6ecdda6f-a5ef-4ffa-8c3b-a15876236cd1.jpg,1291,787,martinezalexandra
e87e7db8-cbc4-4a8f-84df-b1f3424a0540,Instagram,This is the most violent movie scene ever!,#meme #lol,2025-05-14 10:02:01,e87e7db8-cbc4-4a8f-84df-b1f3424a0540.jpg,9393,489,martinsydney
d6080d77-d0d0-4877-bc0d-2190fceeb379,Twitter,"This person is so dumb, LOL.",#fun #life,2025-05-14 09:59:18,d6080d77-d0d0-4877-bc0d-2190fceeb379.jpg,9793,14,suzanne08
72699c24-68b0-47f0-a965-1bc0b8f8ad9e,Twitter,Learning new chess strategies is fun and challenging.,#news #world,2025-05-14 10:01:37,72699c24-68b0-47f0-a965-1bc0b8f8ad9e.jpg,362,543,tanya45
50b15642-e220-4d13-ae4b-72482419624e,Twitter,Watch this hilarious prank compilation!,#fun #life,2025-05-14 10:03:28,50b15642-e220-4d13-ae4b-72482419624e.jpg,2595,565,justin51
2fa432d1-a368-440a-a610-ea42b1aa985c,Instagram,This is the most violent movie scene ever!,#news #world,2025-05-14 10:03:49,2fa432d1-a368-440a-a610-ea42b1aa985c.jpg,4082,333,alexander80
07bb545c-c395-4c48-ba97-7ee37c9f4ff5,Facebook,This is the most violent movie scene ever!,#news #world,2025-05-14 10:03:07,07bb545c-c395-4c48-ba97-7ee37c9f4ff5.jpg,1429,1000,james34
831ece75-23a9-434c-8d35-07ae98efa235,Facebook,"Hate this so much, can't believe it!",#chess #learn,2025-05-14 10:02:15,831ece75-23a9-434c-8d35-07ae98efa235.jpg,9787,569,melissaferrell
d9b6a89f-95bc-4a73-b65e-30e03f20595a,Twitter,"Hate this so much, can't believe it!",#chess #learn,2025-05-14 10:01:15,d9b6a89f-95bc-4a73-b65e-30e03f20595a.jpg,2877,55,chase53
c19c7da8-056c-4940-89d7-88c2878d3777,Instagram,Watch this hilarious prank compilation!,#study #focus,2025-05-14 09:59:18,c19c7da8-056c-4940-89d7-88c2878d3777.jpg,7926,273,wward
0b2998c5-551a-4703-991a-19d12c8d84f8,Twitter,Watch this hilarious prank compilation!,#fun #life,2025-05-14 09:59:43,0b2998c5-551a-4703-991a-19d12c8d84f8.jpg,411,104,castillodenise
7a5a812a-bbeb-4903-825c-f4fc0988b733,YouTube,10 tips to stay focused during exams.,#chess #learn,2025-05-14 10:01:31,7a5a812a-bbeb-4903-825c-f4fc0988b733.jpg,9624,331,ysanchez
26966b2f-abfc-49f3-a8d9-fc0df5bfcb13,YouTube,This is the most violent movie scene ever!,#chess #learn,2025-05-14 10:03:45,26966b2f-abfc-49f3-a8d9-fc0df5bfcb13.jpg,4310,786,gibsonerik
8b012e07-1de7-4242-ae34-4dc9ca7e4837,Instagram,This is the most violent movie scene ever!,#news #world,2025-05-14 09:59:49,8b012e07-1de7-4242-ae34-4dc9ca7e4837.jpg,3201,927,thomasjeremy
9002edc6-3463-43ee-b572-edc824baa123,Twitter,"Hate this so much, can't believe it!",#chess #learn,2025-05-14 10:04:27,9002edc6-3463-43ee-b572-edc824baa123.jpg,2189,147,lisaperry
bcca702a-dbe1-42ac-9d0e-ef36cf242966,YouTube,This is the most violent movie scene ever!,#chess #learn,2025-05-14 09:59:34,bcca702a-dbe1-42ac-9d0e-ef36cf242966.jpg,7503,115,tharrell
9fdc0cc9-7713-41be-b51a-c444287b473a,Twitter,Learning new chess strategies is fun and challenging.,#study #focus,2025-05-14 09:59:16,9fdc0cc9-7713-41be-b51a-c444287b473a.jpg,5541,128,tiffany67
2490aaeb-749f-4b41-b0f3-bca684ea92c6,Facebook,Check out this new art tutorial.,#study #focus,2025-05-14 10:00:14,2490aaeb-749f-4b41-b0f3-bca684ea92c6.jpg,406,348,joseph62
d18f0fc5-ade2-4d19-bf74-775e05562bde,Facebook,Learning new chess strategies is fun and challenging.,#study #focus,2025-05-14 10:00:15,d18f0fc5-ade2-4d19-bf74-775e05562bde.jpg,6932,851,grimesjoanne
7aad36df-9147-4a68-b37a-70974b75e0e4,Instagram,"Hate this so much, can't believe it!",#meme #lol,2025-05-14 10:04:11,7aad36df-9147-4a68-b37a-70974b75e0e4.jpg,6298,898,ronaldgarza
e89e0bb7-3f0d-4ebd-aeda-31c9c0144e6a,YouTube,Check out this new art tutorial.,#news #world,2025-05-14 10:02:46,e89e0bb7-3f0d-4ebd-aeda-31c9c0144e6a.jpg,6340,428,ythomas
cd2959f4-2087-4603-9338-b361be4a5f21,Twitter,"Hate this so much, can't believe it!",#news #world,2025-05-14 10:04:03,cd2959f4-2087-4603-9338-b361be4a5f21.jpg,4727,977,destiny27
e33eaed7-1c16-4360-8833-d27be290c28f,Facebook,You won't believe what happened next!,#study #focus,2025-05-14 10:02:43,e33eaed7-1c16-4360-8833-d27be290c28f.jpg,7384,488,browndavid
7a801543-191e-4919-8afe-f3ce00136699,Instagram,Check out this new art tutorial.,#meme #lol,2025-05-14 10:01:05,7a801543-191e-4919-8afe-f3ce00136699.jpg,4315,48,joseph77
656ff8e6-5ff7-4e3c-b851-158a6ce67825,Twitter,Learning new chess strategies is fun and challenging.,#fun #life,2025-05-14 10:02:05,656ff8e6-5ff7-4e3c-b851-158a6ce67825.jpg,91,65,deanna10
0c829c49-a778-408f-ac7a-38f3eb1650f6,Twitter,Learning new chess strategies is fun and challenging.,#study #focus,2025-05-14 10:00:03,0c829c49-a778-408f-ac7a-38f3eb1650f6.jpg,8391,359,dicksonmark
96edf903-b2e5-477c-99d8-d36476c2e02a,Twitter,Study hacks for competitive exams.,#fun #life,2025-05-14 10:02:47,96edf903-b2e5-477c-99d8-d36476c2e02a.jpg,4735,138,brittney72
c45d1322-a64f-42e5-bbf6-7d5d8da8b888,Twitter,This is the most violent movie scene ever!,#news #world,2025-05-14 10:02:58,c45d1322-a64f-42e5-bbf6-7d5d8da8b888.jpg,9320,954,gary68
25843c59-0c21-4e1b-8ad8-b9f4dda30364,YouTube,Check out this new art tutorial.,#study #focus,2025-05-14 10:03:30,25843c59-0c21-4e1b-8ad8-b9f4dda30364.jpg,1566,822,larabrandon
5dbc0dfc-5ef1-4fde-94ce-d650d3e61846,Twitter,Watch this hilarious prank compilation!,#study #focus,2025-05-14 10:01:41,5dbc0dfc-5ef1-4fde-94ce-d650d3e61846.jpg,8782,444,sanchezjennifer
43fbd848-6f71-4564-8fd7-551daef46c54,Twitter,Join us live for the global science fair.,#fun #life,2025-05-14 09:59:17,43fbd848-6f71-4564-8fd7-551daef46c54.jpg,5597,582,katherine52
3ac74151-3460-4a13-a584-5a38a2368cb2,Twitter,This is the most violent movie scene ever!,#chess #learn,2025-05-14 09:59:03,3ac74151-3460-4a13-a584-5a38a2368cb2.jpg,9742,714,angelamorales
d95bf671-b9ef-462e-8350-79cc3f727856,Facebook,10 tips to stay focused during exams.,#chess #learn,2025-05-14 10:03:53,d95bf671-b9ef-462e-8350-79cc3f727856.jpg,8522,417,georgeowen
1307aaf1-fab6-4773-a3e7-b0b26bdd1f6c,Instagram,Watch this hilarious prank compilation!,#chess #learn,2025-05-14 10:01:40,1307aaf1-fab6-4773-a3e7-b0b26bdd1f6c.jpg,535,83,jessicaknapp
5f2f50c2-0277-4811-8898-6e5188acf915,Facebook,This is the most violent movie scene ever!,#news #world,2025-05-14 10:03:46,5f2f50c2-0277-4811-8898-6e5188acf915.jpg,9263,71,martinezlance
85e07418-92f4-4a02-990c-c14356834b84,YouTube,You won't believe what happened next!,#fun #life,2025-05-14 10:03:27,85e07418-92f4-4a02-990c-c14356834b84.jpg,5827,598,michaelgordon
1c0a0df6-bcbb-4cf8-b281-4489da2a2546,Instagram,You won't believe what happened next!,#study #focus,2025-05-14 10:01:38,1c0a0df6-bcbb-4cf8-b281-4489da2a2546.jpg,6745,358,eric49
d1872f34-0f9c-4f89-9cbd-3d9857570609,Facebook,You won't believe what happened next!,#fun #life,2025-05-14 10:02:47,d1872f34-0f9c-4f89-9cbd-3d9857570609.jpg,1682,229,xharrington
b924abfd-03b0-4935-a96b-d6f4d993fd8c,Facebook,10 tips to stay focused during exams.,#fun #life,2025-05-14 09:59:04,b924abfd-03b0-4935-a96b-d6f4d993fd8c.jpg,5069,792,qflores
16bf7766-5c09-4621-8463-9c6c406767a8,YouTube,Learning new chess strategies is fun and challenging.,#chess #learn,2025-05-14 10:01:06,16bf7766-5c09-4621-8463-9c6c406767a8.jpg,3352,965,tiffany29
a535b138-c6ee-483a-a4e3-ec3a22c2f27b,Instagram,Check out this new art tutorial.,#chess #learn,2025-05-14 10:04:29,a535b138-c6ee-483a-a4e3-ec3a22c2f27b.jpg,1103,733,murphydestiny
d1874174-f451-491f-8322-befc88af8235,YouTube,Learning new chess strategies is fun and challenging.,#study #focus,2025-05-14 10:02:03,d1874174-f451-491f-8322-befc88af8235.jpg,170,787,ylopez
2d98e608-50dd-4298-9e7e-9913e6110602,YouTube,Join us live for the global science fair.,#fun #life,2025-05-14 10:00:53,2d98e608-50dd-4298-9e7e-9913e6110602.jpg,2148,463,anne72
8fc83023-6870-4102-ab2e-c84186d7b628,Twitter,10 tips to stay focused during exams.,#study #focus,2025-05-14 09:59:28,8fc83023-6870-4102-ab2e-c84186d7b628.jpg,1616,190,pauljimenez
82a473ab-e758-47c1-b8ea-972f78f4a647,Facebook,10 tips to stay focused during exams.,#news #world,2025-05-14 10:02:56,82a473ab-e758-47c1-b8ea-972f78f4a647.jpg,2382,715,kenneth48
6bb6cd20-4457-4dc4-8de8-ec65f25569c6,Instagram,10 tips to stay focused during exams.,#fun #life,2025-05-14 10:02:47,6bb6cd20-4457-4dc4-8de8-ec65f25569c6.jpg,9687,979,johnsonchristopher
4e0c8bf4-68b8-4abe-b31b-1f9b26137a07,Twitter,Watch this hilarious prank compilation!,#meme #lol,2025-05-14 10:02:51,4e0c8bf4-68b8-4abe-b31b-1f9b26137a07.jpg,2049,92,pallen
c0fa3956-34a3-45a2-a146-fe00ef49976b,Facebook,10 tips to stay focused during exams.,#chess #learn,2025-05-14 09:59:42,c0fa3956-34a3-45a2-a146-fe00ef49976b.jpg,2398,431,jodi86
6cda359d-20a2-48e4-b1d9-d54067b75e8a,YouTube,Learning new chess strategies is fun and challenging.,#news #world,2025-05-14 09:59:22,6cda359d-20a2-48e4-b1d9-d54067b75e8a.jpg,8545,670,kim24
7e04025f-8a8a-4730-9442-64c111de25a2,Facebook,You won't believe what happened next!,#meme #lol,2025-05-14 10:00:23,7e04025f-8a8a-4730-9442-64c111de25a2.jpg,6857,560,colleen97
d2038bd7-2181-4468-ad7a-161d16183348,Instagram,Watch this hilarious prank compilation!,#fun #life,2025-05-14 10:02:31,d2038bd7-2181-4468-ad7a-161d16183348.jpg,3627,269,lnelson
e6a73889-3420-4e6f-8100-3b9d3ff0f2c4,Facebook,Check out this new art tutorial.,#fun #life,2025-05-14 10:01:32,e6a73889-3420-4e6f-8100-3b9d3ff0f2c4.jpg,2089,963,uhill
1603971a-abd0-4d30-8b71-7c60b6c3b57d,Twitter,Learning new chess strategies is fun and challenging.,#study #focus,2025-05-14 10:01:09,1603971a-abd0-4d30-8b71-7c60b6c3b57d.jpg,8544,594,rickysutton
0a763c7c-2974-4b07-97d7-54982476ef10,Facebook,Watch this hilarious prank compilation!,#meme #lol,2025-05-14 10:01:17,0a763c7c-2974-4b07-97d7-54982476ef10.jpg,3686,11,wardangela
c84c596a-f24c-4252-aed6-4d0984ad5cbc,Facebook,Join us live for the global science fair.,#news #world,2025-05-14 10:00:44,c84c596a-f24c-4252-aed6-4d0984ad5cbc.jpg,1968,115,vmooney
303cbe59-a660-4e58-9952-93776c9bdd57,YouTube,"This person is so dumb, LOL.",#meme #lol,2025-05-14 10:02:22,303cbe59-a660-4e58-9952-93776c9bdd57.jpg,9894,500,ronald20
ff52d203-4fc1-43a2-90cc-12eab575b435,Facebook,You won't believe what happened next!,#meme #lol,2025-05-14 10:02:07,ff52d203-4fc1-43a2-90cc-12eab575b435.jpg,4905,355,lwhite
c33271b9-809c-4684-8389-842c0dfb8b48,Instagram,This is the most violent movie scene ever!,#news #world,2025-05-14 09:59:13,c33271b9-809c-4684-8389-842c0dfb8b48.jpg,8953,802,cwells
276f6a4b-3ade-4ee8-a6ee-443e99aea018,Twitter,"Hate this so much, can't believe it!",#fun #life,2025-05-14 10:00:43,276f6a4b-3ade-4ee8-a6ee-443e99aea018.jpg,8467,454,ufoster
752887aa-86ab-4c6e-b5cd-b2c923c8f312,Instagram,Join us live for the global science fair.,#fun #life,2025-05-14 09:59:43,752887aa-86ab-4c6e-b5cd-b2c923c8f312.jpg,5503,627,williamsanthony
d876fd48-5801-4fde-99f3-214bf1a631b7,Twitter,Check out this new art tutorial.,#meme #lol,2025-05-14 10:02:17,d876fd48-5801-4fde-99f3-214bf1a631b7.jpg,3091,754,matthewmiller
ebc7581d-4c6f-463d-8b69-144e3ccc3102,YouTube,You won't believe what happened next!,#news #world,2025-05-14 10:04:57,ebc7581d-4c6f-463d-8b69-144e3ccc3102.jpg,7886,997,christopherrobinson
d56b4cd9-5f6b-458b-b528-b90604930589,YouTube,"Hate this so much, can't believe it!",#news #world,2025-05-14 10:02:27,d56b4cd9-5f6b-458b-b528-b90604930589.jpg,7929,743,gloverbrittany
5884e21c-e9cd-4a98-97ac-2342e0a20884,Facebook,Learning new chess strategies is fun and challenging.,#meme #lol,2025-05-14 10:00:04,5884e21c-e9cd-4a98-97ac-2342e0a20884.jpg,1718,805,balexander
0a990d45-2a90-417a-bf49-e4f294b2019e,YouTube,Learning new chess strategies is fun and challenging.,#fun #life,2025-05-14 10:02:54,0a990d45-2a90-417a-bf49-e4f294b2019e.jpg,5953,487,corey39
98f35249-fe90-4728-bc4a-e59af4b58625,Twitter,10 tips to stay focused during exams.,#news #world,2025-05-14 10:00:22,98f35249-fe90-4728-bc4a-e59af4b58625.jpg,1770,637,erin80
73ad657c-471d-4c53-a738-7babba0bff3b,YouTube,You won't believe what happened next!,#news #world,2025-05-14 10:01:56,73ad657c-471d-4c53-a738-7babba0bff3b.jpg,7641,335,lutzjames
0318a557-45d4-4cfc-94cf-395ffa938307,YouTube,"This person is so dumb, LOL.",#study #focus,2025-05-14 10:01:11,0318a557-45d4-4cfc-94cf-395ffa938307.jpg,7075,975,cbooker
d97bb1da-0a57-48df-8c1b-1c80f54ea4ba,YouTube,"Hate this so much, can't believe it!",#chess #learn,2025-05-14 10:02:47,d97bb1da-0a57-48df-8c1b-1c80f54ea4ba.jpg,14,569,danieljohnson
3d848738-a829-4173-bfa8-b7c0906420a2,Twitter,Learning new chess strategies is fun and challenging.,#meme #lol,2025-05-14 10:04:15,3d848738-a829-4173-bfa8-b7c0906420a2.jpg,3912,355,vcasey
219e90e8-1889-4c58-8549-91db75f28e9b,Twitter,Learning new chess strategies is fun and challenging.,#chess #learn,2025-05-14 10:01:30,219e90e8-1889-4c58-8549-91db75f28e9b.jpg,5522,850,aaronmitchell
d0133e5c-de72-4f3e-9130-568e91550712,YouTube,Watch this hilarious prank compilation!,#meme #lol,2025-05-14 10:04:58,d0133e5c-de72-4f3e-9130-568e91550712.jpg,6580,803,robert08
727b87fa-997f-4008-9744-d65790dab8de,Facebook,Study hacks for competitive exams.,#news #world,2025-05-14 10:00:30,727b87fa-997f-4008-9744-d65790dab8de.jpg,1397,969,whitney79
2e4a7420-48b5-4dd3-9434-2dd7b5041509,Twitter,"Hate this so much, can't believe it!",#chess #learn,2025-05-14 10:00:37,2e4a7420-48b5-4dd3-9434-2dd7b5041509.jpg,5824,677,cindywarren
832c3258-efe1-4425-95a9-73397e330fe9,Instagram,"Hate this so much, can't believe it!",#study #focus,2025-05-14 10:03:25,832c3258-efe1-4425-95a9-73397e330fe9.jpg,6682,479,adamjordan
825a74f9-3e8f-4534-b02e-c271076a356a,Facebook,"This person is so dumb, LOL.",#meme #lol,2025-05-14 10:03:07,825a74f9-3e8f-4534-b02e-c271076a356a.jpg,9704,946,patrickharvey
32d40b81-b617-445e-9d1d-3f9f8be774a5,YouTube,Study hacks for competitive exams.,#fun #life,2025-05-14 10:04:31,32d40b81-b617-445e-9d1d-3f9f8be774a5.jpg,1612,969,johnathanjohnson
05456fa5-73b6-4cf5-a65c-88216e6c2403,Facebook,This is the most violent movie scene ever!,#chess #learn,2025-05-14 09:59:55,05456fa5-73b6-4cf5-a65c-88216e6c2403.jpg,3261,468,mark53
cc431249-fd16-4501-b82e-da8db30e3397,Instagram,"Hate this so much, can't believe it!",#fun #life,2025-05-14 10:00:26,cc431249-fd16-4501-b82e-da8db30e3397.jpg,6568,182,ssmith
82ad325f-9790-4ac0-b022-dd4916b5e04d,Twitter,Watch this hilarious prank compilation!,#news #world,2025-05-14 10:05:03,82ad325f-9790-4ac0-b022-dd4916b5e04d.jpg,565,89,scott21
63c762ef-908e-4334-9dd4-4d7057c5c58d,Twitter,Join us live for the global science fair.,#chess #learn,2025-05-14 10:01:48,63c762ef-908e-4334-9dd4-4d7057c5c58d.jpg,5075,836,amanda70
33a57e90-9144-4737-81ef-41211660a063,Instagram,You won't believe what happened next!,#fun #life,2025-05-14 10:04:49,33a57e90-9144-4737-81ef-41211660a063.jpg,7681,425,stephanie75
074e6d62-83cb-45b9-8101-e5d33d8e8043,Facebook,"This person is so dumb, LOL.",#fun #life,2025-05-14 10:00:19,074e6d62-83cb-45b9-8101-e5d33d8e8043.jpg,7608,899,lynchantonio
09c5c6e5-8abd-47f3-9e38-10e18b3b12c3,YouTube,Check out this new art tutorial.,#study #focus,2025-05-14 10:04:20,09c5c6e5-8abd-47f3-9e38-10e18b3b12c3.jpg,6234,676,hernandezmatthew
09ef4c39-dcff-4f71-9e5d-bcc71c2943c4,YouTube,This is the most violent movie scene ever!,#meme #lol,2025-05-14 09:59:43,09ef4c39-dcff-4f71-9e5d-bcc71c2943c4.jpg,994,686,iramos
984eeb2b-1296-4957-b92c-5e2790a41b40,Instagram,Check out this new art tutorial.,#study #focus,2025-05-14 10:02:24,984eeb2b-1296-4957-b92c-5e2790a41b40.jpg,501,42,ericksonluke
b9437ad3-8110-49ed-b48b-6149068bce73,Facebook,You won't believe what happened next!,#news #world,2025-05-14 10:01:33,b9437ad3-8110-49ed-b48b-6149068bce73.jpg,6243,370,brobinson
df5c7ce8-0bf6-4238-b18a-2b9eb7d73547,Facebook,"This person is so dumb, LOL.",#study #focus,2025-05-14 10:04:46,df5c7ce8-0bf6-4238-b18a-2b9eb7d73547.jpg,9006,670,woodwardandrew
92f08813-103a-4bb4-aa88-b825d5597fc9,Twitter,Study hacks for competitive exams.,#study #focus,2025-05-14 09:59:42,92f08813-103a-4bb4-aa88-b825d5597fc9.jpg,5981,505,christopherrobinson
46f956e2-f3ae-4065-a492-cbe2b7f406ed,Instagram,"Hate this so much, can't believe it!",#news #world,2025-05-14 10:03:52,46f956e2-f3ae-4065-a492-cbe2b7f406ed.jpg,4395,952,kennedybrenda
92c53f2b-93c7-4aec-ab77-956f2d0b0b61,Twitter,"Hate this so much, can't believe it!",#study #focus,2025-05-14 10:04:11,92c53f2b-93c7-4aec-ab77-956f2d0b0b61.jpg,1234,253,timothy16
b7b149e7-d9fc-499a-a390-41ea78c26fbd,Twitter,You won't believe what happened next!,#fun #life,2025-05-14 10:03:42,b7b149e7-d9fc-499a-a390-41ea78c26fbd.jpg,3716,187,charles22
42471b50-7e03-470b-a1ba-c2e7d593d8d2,Instagram,You won't believe what happened next!,#news #world,2025-05-14 10:02:40,42471b50-7e03-470b-a1ba-c2e7d593d8d2.jpg,1075,917,henryconway
97324748-213d-43a8-90b8-bc89fc4749e0,Instagram,"Hate this so much, can't believe it!",#study #focus,2025-05-14 10:03:31,97324748-213d-43a8-90b8-bc89fc4749e0.jpg,7973,320,tyler66
4562640a-2c38-4f46-bc5b-7dccbf4a8550,Instagram,You won't believe what happened next!,#study #focus,2025-05-14 10:00:20,4562640a-2c38-4f46-bc5b-7dccbf4a8550.jpg,6999,37,dawnlawson
2235e7da-7c4e-4398-abcb-25030f950675,Facebook,You won't believe what happened next!,#chess #learn,2025-05-14 10:04:36,2235e7da-7c4e-4398-abcb-25030f950675.jpg,4087,410,robleselizabeth
4eccac72-13e5-4039-8fb7-3e14acb9c7fd,YouTube,"Hate this so much, can't believe it!",#meme #lol,2025-05-14 10:04:21,4eccac72-13e5-4039-8fb7-3e14acb9c7fd.jpg,5685,660,morrischarles
7c96d31b-3d59-419e-b6ff-437b698f62bd,YouTube,"This person is so dumb, LOL.",#study #focus,2025-05-14 10:04:14,7c96d31b-3d59-419e-b6ff-437b698f62bd.jpg,7085,500,mayalexander
009bbe27-0e25-413a-8f9f-041d0eab1b41,Facebook,"Hate this so much, can't believe it!",#study #focus,2025-05-14 10:00:10,009bbe27-0e25-413a-8f9f-041d0eab1b41.jpg,2944,788,bgriffith
37f3e4e4-5537-491c-aa63-e914df9e6397,Facebook,10 tips to stay focused during exams.,#meme #lol,2025-05-14 10:02:02,37f3e4e4-5537-491c-aa63-e914df9e6397.jpg,61,236,angela15
a1ad05f4-983c-44d1-b460-38a2e9d71f06,YouTube,"Hate this so much, can't believe it!",#fun #life,2025-05-14 10:00:08,a1ad05f4-983c-44d1-b460-38a2e9d71f06.jpg,7949,995,brucecarroll
1be16b24-81c7-484e-ad1b-7c0dbd69c499,Facebook,This is the most violent movie scene ever!,#meme #lol,2025-05-14 10:01:22,1be16b24-81c7-484e-ad1b-7c0dbd69c499.jpg,363,655,paul36
0ceccc03-95cc-4b6f-92e7-1ce89a4c5fce,YouTube,Join us live for the global science fair.,#fun #life,2025-05-14 10:04:50,0ceccc03-95cc-4b6f-92e7-1ce89a4c5fce.jpg,7250,767,scottbrandon
cace89ff-b728-42b0-bdc6-a31be34f1d0e,Instagram,"This person is so dumb, LOL.",#study #focus,2025-05-14 10:04:55,cace89ff-b728-42b0-bdc6-a31be34f1d0e.jpg,3557,670,susanbond
97803143-1d63-42a3-ad8a-e5f73674dfa5,Facebook,This is the most violent movie scene ever!,#fun #life,2025-05-14 10:04:27,97803143-1d63-42a3-ad8a-e5f73674dfa5.jpg,8373,213,msingh
dfddacaa-a712-4193-b30f-74015bd1b62f,Instagram,Check out this new art tutorial.,#fun #life,2025-05-14 10:00:00,dfddacaa-a712-4193-b30f-74015bd1b62f.jpg,8298,861,stephanie92
6ef37ac0-5731-48c6-af06-3926f787f3e0,Instagram,"This person is so dumb, LOL.",#news #world,2025-05-14 10:01:36,6ef37ac0-5731-48c6-af06-3926f787f3e0.jpg,8814,478,daniel37
6b1a6511-83bb-40c3-996c-4d3403fed5a5,Twitter,"Hate this so much, can't believe it!",#study #focus,2025-05-14 10:02:12,6b1a6511-83bb-40c3-996c-4d3403fed5a5.jpg,8837,432,jacksondestiny
8edd5f13-3a33-4045-98dd-770221ae7e0e,Instagram,Watch this hilarious prank compilation!,#news #world,2025-05-14 10:05:03,8edd5f13-3a33-4045-98dd-770221ae7e0e.jpg,1865,312,jameshamilton
cc945dc7-1ae7-4f22-8acc-fad25870c011,YouTube,Learning new chess strategies is fun and challenging.,#fun #life,2025-05-14 09:59:57,cc945dc7-1ae7-4f22-8acc-fad25870c011.jpg,93,28,charlessanchez
c4de443b-5ec0-497f-b188-d3754065cf2c,Twitter,Watch this hilarious prank compilation!,#fun #life,2025-05-14 10:03:14,c4de443b-5ec0-497f-b188-d3754065cf2c.jpg,4593,223,madams
4b4b51a8-82e9-4c19-b276-f004d32f3cff,YouTube,"This person is so dumb, LOL.",#fun #life,2025-05-14 09:59:52,4b4b51a8-82e9-4c19-b276-f004d32f3cff.jpg,749,765,suarezryan
0affc909-243f-4699-82fc-f3353d051230,Facebook,"Hate this so much, can't believe it!",#chess #learn,2025-05-14 10:01:18,0affc909-243f-4699-82fc-f3353d051230.jpg,5640,882,moracarrie
ff97e386-7e00-4823-9033-a35e9feb5579,Twitter,10 tips to stay focused during exams.,#news #world,2025-05-14 10:02:50,ff97e386-7e00-4823-9033-a35e9feb5579.jpg,5809,549,toddgordon
1c635cfe-87a3-4601-8c5f-c4b6c06f600f,Twitter,Check out this new art tutorial.,#fun #life,2025-05-14 10:03:15,1c635cfe-87a3-4601-8c5f-c4b6c06f600f.jpg,4201,248,knightwilliam
6e0f235f-a7d6-4cc6-9c81-3dd681cdd71f,Facebook,Check out this new art tutorial.,#fun #life,2025-05-14 10:03:55,6e0f235f-a7d6-4cc6-9c81-3dd681cdd71f.jpg,1709,996,kevin84
99418c98-c478-45dc-938b-db1b19eabb73,Facebook,Watch this hilarious prank compilation!,#news #world,2025-05-14 10:03:07,99418c98-c478-45dc-938b-db1b19eabb73.jpg,5261,875,tammy25
d911d7a1-e74d-4faf-a397-46a4308f7b5b,Twitter,Watch this hilarious prank compilation!,#meme #lol,2025-05-14 09:59:29,d911d7a1-e74d-4faf-a397-46a4308f7b5b.jpg,2828,6,eschultz
211a9007-c93d-4ae0-8338-b55b7dd2d515,Twitter,You won't believe what happened next!,#chess #learn,2025-05-14 10:02:21,211a9007-c93d-4ae0-8338-b55b7dd2d515.jpg,6547,193,hfox
b784097c-663d-4475-8c67-ea16a8ea3e99,Facebook,Join us live for the global science fair.,#study #focus,2025-05-14 10:02:57,b784097c-663d-4475-8c67-ea16a8ea3e99.jpg,8656,87,allisonfisher
f446f458-15c0-4557-997e-ef2842fe4b73,Facebook,This is the most violent movie scene ever!,#news #world,2025-05-14 09:59:49,f446f458-15c0-4557-997e-ef2842fe4b73.jpg,2732,703,marshallmichael
ef8d7163-965f-4b08-bda8-075c672c7c5c,Instagram,"Hate this so much, can't believe it!",#meme #lol,2025-05-14 10:02:55,ef8d7163-965f-4b08-bda8-075c672c7c5c.jpg,7558,362,frazierjared
4361963b-ac72-4bb3-8baf-3ce3626ffdcf,YouTube,Learning new chess strategies is fun and challenging.,#chess #learn,2025-05-14 10:03:01,4361963b-ac72-4bb3-8baf-3ce3626ffdcf.jpg,6522,433,xrosales
35357059-ff8c-4cb9-a449-fe82bee9b349,YouTube,10 tips to stay focused during exams.,#news #world,2025-05-14 10:02:12,35357059-ff8c-4cb9-a449-fe82bee9b349.jpg,1693,49,martinezerica
94d51cef-b0cd-4e1d-b42c-c1370db088d0,Twitter,"This person is so dumb, LOL.",#news #world,2025-05-14 10:03:31,94d51cef-b0cd-4e1d-b42c-c1370db088d0.jpg,177,565,dustin08
ed867cde-7993-4b95-9c93-6eb6da1cd5b4,Twitter,Join us live for the global science fair.,#chess #learn,2025-05-14 10:04:02,ed867cde-7993-4b95-9c93-6eb6da1cd5b4.jpg,3267,56,jonbrown
7913ae0e-3356-4646-88c1-7a07598dfa24,Instagram,This is the most violent movie scene ever!,#meme #lol,2025-05-14 10:01:26,7913ae0e-3356-4646-88c1-7a07598dfa24.jpg,8426,165,nicholasrusso
5b9f1775-070f-4095-a508-bf467d569b31,YouTube,"Hate this so much, can't believe it!",#fun #life,2025-05-14 10:04:43,5b9f1775-070f-4095-a508-bf467d569b31.jpg,7056,1,samantha90
69df80f2-49fb-44be-8fc2-1f02d74df090,Twitter,You won't believe what happened next!,#news #world,2025-05-14 09:59:06,69df80f2-49fb-44be-8fc2-1f02d74df090.jpg,7454,489,nvargas
cb98a636-9235-41a4-bedf-d40c376e78f6,Twitter,Learning new chess strategies is fun and challenging.,#chess #learn,2025-05-14 10:01:14,cb98a636-9235-41a4-bedf-d40c376e78f6.jpg,8018,328,phillip84
f29f56ae-657a-40af-99cb-7d279789daa4,Facebook,"This person is so dumb, LOL.",#fun #life,2025-05-14 10:01:22,f29f56ae-657a-40af-99cb-7d279789daa4.jpg,243,710,gomezvalerie
9e350531-81a6-4580-b291-62bf7fb3416b,Instagram,Join us live for the global science fair.,#study #focus,2025-05-14 10:04:41,9e350531-81a6-4580-b291-62bf7fb3416b.jpg,6797,634,pattersonpaul
5fc652c2-f83a-4b0a-ae02-32b173f63dc2,Facebook,Join us live for the global science fair.,#news #world,2025-05-14 10:04:23,5fc652c2-f83a-4b0a-ae02-32b173f63dc2.jpg,4800,777,dfrazier
052b5719-fef5-452e-a159-3003caa10d7c,Facebook,10 tips to stay focused during exams.,#news #world,2025-05-14 10:04:03,052b5719-fef5-452e-a159-3003caa10d7c.jpg,8345,478,ywatson
548ca7c4-ca6b-40cd-b36a-eecf6f4229b8,Facebook,10 tips to stay focused during exams.,#news #world,2025-05-14 10:04:28,548ca7c4-ca6b-40cd-b36a-eecf6f4229b8.jpg,4910,690,christine16
5304efa3-b21a-49f6-8648-27d530ee8d44,Twitter,Learning new chess strategies is fun and challenging.,#meme #lol,2025-05-14 10:01:39,5304efa3-b21a-49f6-8648-27d530ee8d44.jpg,5200,848,rpeterson
691ad184-9867-4f91-92ba-64b75c182e6b,YouTube,Learning new chess strategies is fun and challenging.,#study #focus,2025-05-14 09:59:20,691ad184-9867-4f91-92ba-64b75c182e6b.jpg,7101,726,youngkendra
9bf97173-0171-443f-8264-e19c0d6d1040,Facebook,"This person is so dumb, LOL.",#fun #life,2025-05-14 10:00:05,9bf97173-0171-443f-8264-e19c0d6d1040.jpg,5340,579,donna45
5d8af54e-9d71-4442-a05a-437c96014a2e,Twitter,"Hate this so much, can't believe it!",#chess #learn,2025-05-14 10:00:05,5d8af54e-9d71-4442-a05a-437c96014a2e.jpg,6116,930,robert49
98ccc491-5921-442b-a753-ae42bb23e27f,YouTube,Learning new chess strategies is fun and challenging.,#study #focus,2025-05-14 10:02:39,98ccc491-5921-442b-a753-ae42bb23e27f.jpg,3922,661,peter87
bd8533e0-35a0-4605-9eb2-e904ea2e7bcc,Facebook,You won't believe what happened next!,#news #world,2025-05-14 10:02:58,bd8533e0-35a0-4605-9eb2-e904ea2e7bcc.jpg,3652,822,mejiajoshua
cfc2ec58-e3e1-443f-a973-d8881496f0ec,Instagram,10 tips to stay focused during exams.,#study #focus,2025-05-14 10:02:08,cfc2ec58-e3e1-443f-a973-d8881496f0ec.jpg,7893,792,tara04
120886b3-1eb6-414c-9e64-fc8cf47cad15,Instagram,"Hate this so much, can't believe it!",#study #focus,2025-05-14 10:04:51,120886b3-1eb6-414c-9e64-fc8cf47cad15.jpg,2399,11,matthewharris
46dc4036-1c18-437a-99b5-03ec2402f3d6,Twitter,10 tips to stay focused during exams.,#study #focus,2025-05-14 09:59:40,46dc4036-1c18-437a-99b5-03ec2402f3d6.jpg,5165,361,rsmith
152eb0b0-e10b-4555-8841-0808aa396993,YouTube,This is the most violent movie scene ever!,#chess #learn,2025-05-14 10:02:36,152eb0b0-e10b-4555-8841-0808aa396993.jpg,5267,854,vrussell
98a71f77-5a2e-4663-aaf3-b98b37aba377,Facebook,Learning new chess strategies is fun and challenging.,#news #world,2025-05-14 10:03:07,98a71f77-5a2e-4663-aaf3-b98b37aba377.jpg,2064,764,joshuajohnson
e2055e99-07a4-4443-ad95-5f4c4d27e2b0,Facebook,"This person is so dumb, LOL.",#news #world,2025-05-14 09:59:54,e2055e99-07a4-4443-ad95-5f4c4d27e2b0.jpg,6138,721,ashley51
b1b84698-692d-4b5a-a2f4-56f5f2338fd4,Twitter,Watch this hilarious prank compilation!,#study #focus,2025-05-14 10:00:20,b1b84698-692d-4b5a-a2f4-56f5f2338fd4.jpg,5115,157,nelsontimothy
f00f3dbf-e5e4-4410-ae58-7f3c3a9f2ec6,YouTube,You won't believe what happened next!,#chess #learn,2025-05-14 10:01:18,f00f3dbf-e5e4-4410-ae58-7f3c3a9f2ec6.jpg,4067,677,twalker
3296eccf-b7b9-4f17-8d47-a4469269493c,Facebook,Study hacks for competitive exams.,#study #focus,2025-05-14 10:00:26,3296eccf-b7b9-4f17-8d47-a4469269493c.jpg,2416,37,ronald52
a3712368-98c9-4a94-8769-1c889c1a54a5,Facebook,Check out this new art tutorial.,#meme #lol,2025-05-14 10:00:08,a3712368-98c9-4a94-8769-1c889c1a54a5.jpg,588,387,qmontgomery
c6150c15-2296-4fa2-ae2c-7912ecda2a35,Instagram,Check out this new art tutorial.,#news #world,2025-05-14 10:02:45,c6150c15-2296-4fa2-ae2c-7912ecda2a35.jpg,1181,790,gutierrezpatricia
bcc9886a-6e82-422e-9786-fd44a8b59c80,YouTube,Learning new chess strategies is fun and challenging.,#chess #learn,2025-05-14 09:59:21,bcc9886a-6e82-422e-9786-fd44a8b59c80.jpg,9002,874,kevin16
11698b28-fab1-40fa-9070-83d1bdfd4866,Twitter,This is the most violent movie scene ever!,#meme #lol,2025-05-14 10:03:16,11698b28-fab1-40fa-9070-83d1bdfd4866.jpg,8785,596,xlewis
b69c8812-1ab1-45f4-a0c7-4f8eafd1c5a5,YouTube,Check out this new art tutorial.,#meme #lol,2025-05-14 10:02:07,b69c8812-1ab1-45f4-a0c7-4f8eafd1c5a5.jpg,2099,506,qharding
e4c9d02e-6dbf-400d-94e3-a122b9bdac0b,YouTube,"Hate this so much, can't believe it!",#study #focus,2025-05-14 10:02:13,e4c9d02e-6dbf-400d-94e3-a122b9bdac0b.jpg,3428,971,brandyellis
bc5a0fef-bb84-4eff-b286-043bd652961e,YouTube,Check out this new art tutorial.,#fun #life,2025-05-14 10:03:25,bc5a0fef-bb84-4eff-b286-043bd652961e.jpg,2158,818,ebradshaw
cdff14f4-e483-405b-97fa-8b23a7fa07b1,Twitter,Learning new chess strategies is fun and challenging.,#chess #learn,2025-05-14 09:59:05,cdff14f4-e483-405b-97fa-8b23a7fa07b1.jpg,716,355,sharpmichael
1a2f1741-8273-4dd5-9935-273c74e1e3a3,Facebook,Watch this hilarious prank compilation!,#meme #lol,2025-05-14 10:03:56,1a2f1741-8273-4dd5-9935-273c74e1e3a3.jpg,781,551,tammylopez
cca11637-7a37-4bf1-8946-e965c383a950,Facebook,"Hate this so much, can't believe it!",#news #world,2025-05-14 10:00:17,cca11637-7a37-4bf1-8946-e965c383a950.jpg,1007,72,troy85
bf0cd0b8-2ac2-4c1f-b00f-97056d74fa7c,Twitter,This is the most violent movie scene ever!,#study #focus,2025-05-14 10:00:00,bf0cd0b8-2ac2-4c1f-b00f-97056d74fa7c.jpg,7534,401,john85
31e991b3-7ac2-4f42-833a-a40f052719eb,YouTube,You won't believe what happened next!,#study #focus,2025-05-14 10:02:06,31e991b3-7ac2-4f42-833a-a40f052719eb.jpg,9152,270,brenda99
513ea59a-15c0-4de1-8027-d977c8872326,YouTube,Learning new chess strategies is fun and challenging.,#fun #life,2025-05-14 10:01:29,513ea59a-15c0-4de1-8027-d977c8872326.jpg,5471,841,jonathan23
54f5edcb-ec4e-4bd8-83cb-aff5eccb0b44,YouTube,"Hate this so much, can't believe it!",#study #focus,2025-05-14 09:59:34,54f5edcb-ec4e-4bd8-83cb-aff5eccb0b44.jpg,2528,411,pblake
a2ae0f7c-bb64-4fd0-93d4-a358a0d21a55,Facebook,Watch this hilarious prank compilation!,#news #world,2025-05-14 10:02:15,a2ae0f7c-bb64-4fd0-93d4-a358a0d21a55.jpg,9200,208,charlenemosley
bfae78be-caf0-4ce1-8798-d13d02109524,YouTube,You won't believe what happened next!,#fun #life,2025-05-14 10:01:24,bfae78be-caf0-4ce1-8798-d13d02109524.jpg,6617,970,hjones
b9439677-c649-437f-b378-1ff56f92feba,YouTube,Learning new chess strategies is fun and challenging.,#news #world,2025-05-14 10:04:03,b9439677-c649-437f-b378-1ff56f92feba.jpg,7898,684,robertsmith
c82d2470-88cf-4cc9-9a40-0c264689d301,Twitter,You won't believe what happened next!,#chess #learn,2025-05-14 10:04:02,c82d2470-88cf-4cc9-9a40-0c264689d301.jpg,8912,849,hansonisaiah
301fcd00-f32a-45c2-8b5c-b1f57be16964,Twitter,Learning new chess strategies is fun and challenging.,#study #focus,2025-05-14 10:01:00,301fcd00-f32a-45c2-8b5c-b1f57be16964.jpg,8246,335,michael75
66edbf8a-0c08-477d-bcd0-bcffeec6d287,Twitter,"Hate this so much, can't believe it!",#meme #lol,2025-05-14 10:00:10,66edbf8a-0c08-477d-bcd0-bcffeec6d287.jpg,2611,411,lmoore
a97b46d4-e3b2-44c7-8caa-f9352b5ab949,Twitter,Study hacks for competitive exams.,#chess #learn,2025-05-14 10:00:59,a97b46d4-e3b2-44c7-8caa-f9352b5ab949.jpg,7532,31,heathergarcia
af7cc300-e258-480c-a936-39118afe8084,Twitter,"Hate this so much, can't believe it!",#meme #lol,2025-05-14 09:59:23,af7cc300-e258-480c-a936-39118afe8084.jpg,4130,162,diane80
01061ea9-dbaf-4c65-98e4-1fd5b097f635,Facebook,10 tips to stay focused during exams.,#study #focus,2025-05-14 09:59:03,01061ea9-dbaf-4c65-98e4-1fd5b097f635.jpg,8538,217,mark81
fa7cdd63-9121-466d-8702-0e133a5f83ba,Instagram,"This person is so dumb, LOL.",#chess #learn,2025-05-14 10:03:53,fa7cdd63-9121-466d-8702-0e133a5f83ba.jpg,9317,170,scott17
610c9248-be61-43e2-adfd-8ab608d5af5b,Instagram,You won't believe what happened next!,#fun #life,2025-05-14 09:59:25,610c9248-be61-43e2-adfd-8ab608d5af5b.jpg,9545,521,michellesavage
91548c19-95be-446b-9513-08f8d3e39c5d,Instagram,You won't believe what happened next!,#news #world,2025-05-14 09:59:31,91548c19-95be-446b-9513-08f8d3e39c5d.jpg,3228,897,laurenjones
bebdb063-937a-4067-96fb-3e14416fde87,Instagram,You won't believe what happened next!,#chess #learn,2025-05-14 09:59:52,bebdb063-937a-4067-96fb-3e14416fde87.jpg,4669,151,melissa16
9176589d-6b0e-4865-a763-aed815bc2a81,Twitter,This is the most violent movie scene ever!,#meme #lol,2025-05-14 10:03:42,9176589d-6b0e-4865-a763-aed815bc2a81.jpg,1573,516,heather40
cfc376e1-5444-41ab-b890-14b791b8a4cc,Twitter,Join us live for the global science fair.,#fun #life,2025-05-14 10:03:29,cfc376e1-5444-41ab-b890-14b791b8a4cc.jpg,6502,490,hallpatricia
d7951b7b-0e54-4695-9bd2-8f16290de00d,Instagram,"This person is so dumb, LOL.",#chess #learn,2025-05-14 10:02:25,d7951b7b-0e54-4695-9bd2-8f16290de00d.jpg,9269,132,cameronanthony
bc2ef67a-343f-436b-86f5-7601a977c0c5,Twitter,This is the most violent movie scene ever!,#study #focus,2025-05-14 10:02:09,bc2ef67a-343f-436b-86f5-7601a977c0c5.jpg,8548,339,john79
197383ed-8a21-477c-af63-d68a320af2ae,Facebook,Learning new chess strategies is fun and challenging.,#study #focus,2025-05-14 09:59:58,197383ed-8a21-477c-af63-d68a320af2ae.jpg,4555,997,harrisoneric
fbd18fa5-98bd-43ff-9561-a713cd2c5c73,Twitter,Learning new chess strategies is fun and challenging.,#fun #life,2025-05-14 10:04:47,fbd18fa5-98bd-43ff-9561-a713cd2c5c73.jpg,5567,470,roger26
21d5f6bc-dacc-4527-ad39-6b447c77bc4c,Instagram,Study hacks for competitive exams.,#chess #learn,2025-05-14 09:59:15,21d5f6bc-dacc-4527-ad39-6b447c77bc4c.jpg,468,732,hernandezjulia
c76af6d9-6ff9-4f97-8c9c-a9733be72f95,Facebook,10 tips to stay focused during exams.,#study #focus,2025-05-14 10:00:27,c76af6d9-6ff9-4f97-8c9c-a9733be72f95.jpg,8288,560,qallen
6fc8a30c-0f03-42a4-9366-decccc37c3df,YouTube,"This person is so dumb, LOL.",#meme #lol,2025-05-14 10:01:55,6fc8a30c-0f03-42a4-9366-decccc37c3df.jpg,4758,713,tuckerdarrell
d6e6accd-13f0-4aa1-afa1-47c568c8bef1,YouTube,Check out this new art tutorial.,#fun #life,2025-05-14 10:04:02,d6e6accd-13f0-4aa1-afa1-47c568c8bef1.jpg,3624,848,christophercooper
6cc0ceb8-4070-4c94-ada8-d43009b9c9e9,Facebook,This is the most violent movie scene ever!,#chess #learn,2025-05-14 10:02:39,6cc0ceb8-4070-4c94-ada8-d43009b9c9e9.jpg,2524,292,catherinebailey
b525313d-a73d-428f-a1c6-17cdfdf392d1,Instagram,This is the most violent movie scene ever!,#study #focus,2025-05-14 10:03:32,b525313d-a73d-428f-a1c6-17cdfdf392d1.jpg,7135,437,john29
fda3b9a0-b2b9-4060-b906-f8306e359324,Twitter,You won't believe what happened next!,#news #world,2025-05-14 10:01:45,fda3b9a0-b2b9-4060-b906-f8306e359324.jpg,8121,165,browncarl
23a82c0f-6ef4-4200-ac6e-61011893d78f,Facebook,This is the most violent movie scene ever!,#study #focus,2025-05-14 10:02:20,23a82c0f-6ef4-4200-ac6e-61011893d78f.jpg,5664,123,timothymorales
0a1afff4-7fc8-45b7-b17a-8ecc0a8801be,Facebook,This is the most violent movie scene ever!,#chess #learn,2025-05-14 10:00:20,0a1afff4-7fc8-45b7-b17a-8ecc0a8801be.jpg,9248,404,melissa87
0fe54de1-725b-48b1-b0c1-ef1ca5614185,Instagram,You won't believe what happened next!,#fun #life,2025-05-14 10:03:40,0fe54de1-725b-48b1-b0c1-ef1ca5614185.jpg,3902,948,tamaraberg
1fb26fb3-527d-461e-aff9-248f63362340,Instagram,10 tips to stay focused during exams.,#fun #life,2025-05-14 09:59:06,1fb26fb3-527d-461e-aff9-248f63362340.jpg,5827,900,trevor35
b0c798c5-719c-4998-bbfe-77bfc7a4273b,Instagram,10 tips to stay focused during exams.,#study #focus,2025-05-14 10:02:15,b0c798c5-719c-4998-bbfe-77bfc7a4273b.jpg,4123,810,sharon63
07b2e106-f990-4bb6-8ed5-895051739e50,Twitter,"This person is so dumb, LOL.",#chess #learn,2025-05-14 10:02:45,07b2e106-f990-4bb6-8ed5-895051739e50.jpg,1803,808,brownandrea
cdee02bc-1525-4448-891d-5238365d8ee5,Twitter,You won't believe what happened next!,#news #world,2025-05-14 10:04:33,cdee02bc-1525-4448-891d-5238365d8ee5.jpg,1413,760,austin27
fa264c1f-ffe0-472f-946a-6ee3695bafe2,Twitter,"This person is so dumb, LOL.",#fun #life,2025-05-14 10:02:57,fa264c1f-ffe0-472f-946a-6ee3695bafe2.jpg,3854,780,grodriguez
b077054f-7e7c-4f04-8fd3-2dddf320601f,Instagram,Learning new chess strategies is fun and challenging.,#chess #learn,2025-05-14 10:03:30,b077054f-7e7c-4f04-8fd3-2dddf320601f.jpg,2306,598,wreid
01a03187-ca1f-449d-a1e5-b860bc371bba,Facebook,This is the most violent movie scene ever!,#meme #lol,2025-05-14 10:03:09,01a03187-ca1f-449d-a1e5-b860bc371bba.jpg,5830,773,kelly39
771c75c7-5e39-4faa-b99e-008ad274564c,Facebook,Join us live for the global science fair.,#chess #learn,2025-05-14 10:02:36,771c75c7-5e39-4faa-b99e-008ad274564c.jpg,8643,355,mercerrobert
098a576b-ebab-4553-b1e2-64022aae5f8b,Facebook,10 tips to stay focused during exams.,#chess #learn,2025-05-14 10:03:20,098a576b-ebab-4553-b1e2-64022aae5f8b.jpg,9149,201,ocombs
e610967f-64f1-481b-9a08-a47880f47f9a,Instagram,You won't believe what happened next!,#fun #life,2025-05-14 10:02:21,e610967f-64f1-481b-9a08-a47880f47f9a.jpg,5470,969,donna09
e4edab88-cba2-4ff6-b622-fa3de99f10c3,Twitter,Check out this new art tutorial.,#chess #learn,2025-05-14 10:02:15,e4edab88-cba2-4ff6-b622-fa3de99f10c3.jpg,976,69,jwashington
fde97d30-5178-4afd-8d80-95b0c396c2e9,YouTube,Learning new chess strategies is fun and challenging.,#fun #life,2025-05-14 10:02:21,fde97d30-5178-4afd-8d80-95b0c396c2e9.jpg,1541,746,bradley90
4e3aa55b-99aa-472f-b83e-16ea1e8df0ed,Facebook,"Hate this so much, can't believe it!",#fun #life,2025-05-14 10:03:49,4e3aa55b-99aa-472f-b83e-16ea1e8df0ed.jpg,6492,346,aliciaroberts
c356124a-bcc3-4967-9365-75cc7988cdb3,Twitter,Join us live for the global science fair.,#chess #learn,2025-05-14 10:03:43,c356124a-bcc3-4967-9365-75cc7988cdb3.jpg,646,956,howardmary
37f4024b-0985-432c-a5a7-c139c66d98fd,Facebook,This is the most violent movie scene ever!,#study #focus,2025-05-14 10:03:01,37f4024b-0985-432c-a5a7-c139c66d98fd.jpg,5445,764,bryan50
60c12657-2d94-4d07-99ae-e5a0954faee4,YouTube,You won't believe what happened next!,#fun #life,2025-05-14 10:02:43,60c12657-2d94-4d07-99ae-e5a0954faee4.jpg,3786,74,johnsonmark
ed56825b-403e-4c41-aa67-8064a4c00d2d,Facebook,Watch this hilarious prank compilation!,#news #world,2025-05-14 10:01:56,ed56825b-403e-4c41-aa67-8064a4c00d2d.jpg,9562,650,flee
129af94d-7a85-40e2-892d-9fc11295935c,YouTube,You won't believe what happened next!,#meme #lol,2025-05-14 10:00:03,129af94d-7a85-40e2-892d-9fc11295935c.jpg,1946,521,katherine37
c505f3c1-1071-4787-9547-88422fd031d3,YouTube,Join us live for the global science fair.,#fun #life,2025-05-14 10:00:30,c505f3c1-1071-4787-9547-88422fd031d3.jpg,9043,469,valerieyork
21cf1ff9-e1d1-4596-9208-b78597880d39,Instagram,This is the most violent movie scene ever!,#fun #life,2025-05-14 10:00:53,21cf1ff9-e1d1-4596-9208-b78597880d39.jpg,2048,79,wrightbrandon
c9e85207-8973-4d33-aa60-54da7369d8fd,YouTube,Watch this hilarious prank compilation!,#fun #life,2025-05-14 10:02:58,c9e85207-8973-4d33-aa60-54da7369d8fd.jpg,7471,877,nsmith
1352a114-4036-41b1-a72d-001ae02ae80d,Instagram,Study hacks for competitive exams.,#news #world,2025-05-14 09:59:47,1352a114-4036-41b1-a72d-001ae02ae80d.jpg,3737,245,davidrios
0baef054-5d79-4d02-904a-35136c3c2260,Facebook,Join us live for the global science fair.,#meme #lol,2025-05-14 10:02:01,0baef054-5d79-4d02-904a-35136c3c2260.jpg,2608,640,srivers
6ad856fc-171e-4e89-ae07-aa8c1c9f5d47,Twitter,Check out this new art tutorial.,#study #focus,2025-05-14 09:59:53,6ad856fc-171e-4e89-ae07-aa8c1c9f5d47.jpg,3676,32,joseph71
cc3d23b9-1942-404d-a22e-66e2ddd1c246,YouTube,Study hacks for competitive exams.,#chess #learn,2025-05-14 10:03:40,cc3d23b9-1942-404d-a22e-66e2ddd1c246.jpg,5574,465,mindy75
d5797ffa-34a1-4aab-af4a-6986bbaf99b7,YouTube,You won't believe what happened next!,#fun #life,2025-05-14 10:02:42,d5797ffa-34a1-4aab-af4a-6986bbaf99b7.jpg,1327,318,khall
aea151fc-658b-4f49-b12d-907bbbfa11be,Instagram,You won't believe what happened next!,#chess #learn,2025-05-14 10:00:29,aea151fc-658b-4f49-b12d-907bbbfa11be.jpg,6101,617,christinadouglas
39d91b1d-b1d8-492b-a0a8-d514ec9452a9,YouTube,"This person is so dumb, LOL.",#study #focus,2025-05-14 10:04:36,39d91b1d-b1d8-492b-a0a8-d514ec9452a9.jpg,1892,553,kyle57
7f27faa7-6d97-4868-b002-29607327bb53,Facebook,Join us live for the global science fair.,#study #focus,2025-05-14 10:04:00,7f27faa7-6d97-4868-b002-29607327bb53.jpg,4758,707,timothyflores
648ea1af-7121-4768-81e9-8d9eee02c98b,YouTube,10 tips to stay focused during exams.,#meme #lol,2025-05-14 10:01:18,648ea1af-7121-4768-81e9-8d9eee02c98b.jpg,748,977,varmstrong
f5db57ac-669b-4565-8f18-74af109c14db,Instagram,Watch this hilarious prank compilation!,#meme #lol,2025-05-14 10:01:36,f5db57ac-669b-4565-8f18-74af109c14db.jpg,7758,737,wooddaniel
019f9da0-7546-4f41-b1ac-eb14fcf7b08f,Facebook,Learning new chess strategies is fun and challenging.,#meme #lol,2025-05-14 09:59:12,019f9da0-7546-4f41-b1ac-eb14fcf7b08f.jpg,5686,793,kelseybarton
b096befe-013f-4f27-a43a-1b707644f675,Twitter,10 tips to stay focused during exams.,#fun #life,2025-05-14 10:03:16,b096befe-013f-4f27-a43a-1b707644f675.jpg,3816,753,lcervantes
c4211f7d-a786-45a4-922c-fa0388a2cc5b,Facebook,Learning new chess strategies is fun and challenging.,#study #focus,2025-05-14 10:04:36,c4211f7d-a786-45a4-922c-fa0388a2cc5b.jpg,8862,191,heather89
21a1e375-3702-49a2-8789-b08e90468d28,Instagram,Watch this hilarious prank compilation!,#news #world,2025-05-14 09:59:54,21a1e375-3702-49a2-8789-b08e90468d28.jpg,6056,632,jmcdaniel
63996740-02c9-47b7-b631-f415be221f77,Twitter,10 tips to stay focused during exams.,#study #focus,2025-05-14 09:59:57,63996740-02c9-47b7-b631-f415be221f77.jpg,8404,20,angelalawson
b08c816a-1eee-44e9-a83d-5863e1eb6c30,Facebook,You won't believe what happened next!,#study #focus,2025-05-14 10:05:03,b08c816a-1eee-44e9-a83d-5863e1eb6c30.jpg,3484,706,jeffrey13
902a6f8f-f8e1-499c-9350-c88f7f49aff6,Instagram,This is the most violent movie scene ever!,#study #focus,2025-05-14 10:03:08,902a6f8f-f8e1-499c-9350-c88f7f49aff6.jpg,1475,657,gjohnson
160cecd9-2b4d-43c6-8d14-7d91d0e072e3,Facebook,"This person is so dumb, LOL.",#chess #learn,2025-05-14 10:01:08,160cecd9-2b4d-43c6-8d14-7d91d0e072e3.jpg,8407,616,jamesgreen
d4e8af14-7d7c-4af5-8809-db86052299fe,Facebook,"Hate this so much, can't believe it!",#fun #life,2025-05-14 10:03:05,d4e8af14-7d7c-4af5-8809-db86052299fe.jpg,5213,640,gomezrodney
77d71757-5458-4a74-97d5-4c1b946b3e9e,Facebook,Check out this new art tutorial.,#meme #lol,2025-05-14 10:02:03,77d71757-5458-4a74-97d5-4c1b946b3e9e.jpg,1607,204,phillip59
60063560-2640-41da-990b-976416e9525c,Instagram,Learning new chess strategies is fun and challenging.,#chess #learn,2025-05-14 10:00:01,60063560-2640-41da-990b-976416e9525c.jpg,7411,292,xgreene
8a046897-72a9-4a2b-abf0-d8f96532e5fa,Twitter,Learning new chess strategies is fun and challenging.,#meme #lol,2025-05-14 10:02:50,8a046897-72a9-4a2b-abf0-d8f96532e5fa.jpg,4528,716,austingilmore
2b262135-1391-4cc9-88e9-2665939752b2,YouTube,Study hacks for competitive exams.,#chess #learn,2025-05-14 10:01:11,2b262135-1391-4cc9-88e9-2665939752b2.jpg,4711,940,fsmith
d1969412-0328-4c10-b549-5c4307b01708,Twitter,This is the most violent movie scene ever!,#study #focus,2025-05-14 10:01:25,d1969412-0328-4c10-b549-5c4307b01708.jpg,6315,731,chelsey54
e10a472d-2201-42c6-b29b-126e5220e4ed,Twitter,Check out this new art tutorial.,#fun #life,2025-05-14 09:59:07,e10a472d-2201-42c6-b29b-126e5220e4ed.jpg,7423,611,vazquezcheryl
185dd789-88a1-4dfa-85a1-433463a83dac,Instagram,Learning new chess strategies is fun and challenging.,#meme #lol,2025-05-14 10:02:05,185dd789-88a1-4dfa-85a1-433463a83dac.jpg,6957,253,tranjacob
a0103ecc-ad6a-4520-9f18-ccf8fd0b5d60,Instagram,Join us live for the global science fair.,#fun #life,2025-05-14 10:01:46,a0103ecc-ad6a-4520-9f18-ccf8fd0b5d60.jpg,8963,667,larrylamb
bc81685e-9fc5-4594-b97f-f99896bd726c,YouTube,"Hate this so much, can't believe it!",#study #focus,2025-05-14 10:04:54,bc81685e-9fc5-4594-b97f-f99896bd726c.jpg,27,784,jmercer
06a1d6c1-99de-4c3d-9b29-f6a180ee9868,Facebook,Study hacks for competitive exams.,#fun #life,2025-05-14 10:02:10,06a1d6c1-99de-4c3d-9b29-f6a180ee9868.jpg,1659,182,heathermyers
09d4eb24-5f2b-4c21-ac9a-ff708509f779,YouTube,Watch this hilarious prank compilation!,#fun #life,2025-05-14 10:02:54,09d4eb24-5f2b-4c21-ac9a-ff708509f779.jpg,6699,326,nortoncynthia
ddde8d92-a269-4b27-b957-271b808099fb,Instagram,Study hacks for competitive exams.,#fun #life,2025-05-14 10:04:30,ddde8d92-a269-4b27-b957-271b808099fb.jpg,2882,732,castrosusan
31632cfd-2b0c-4b70-8d22-562e0a0e08cb,Facebook,Check out this new art tutorial.,#study #focus,2025-05-14 10:03:12,31632cfd-2b0c-4b70-8d22-562e0a0e08cb.jpg,1844,169,taylorterri
a086f16e-3c08-4fac-bbbb-643d056c252a,Facebook,Check out this new art tutorial.,#meme #lol,2025-05-14 10:03:50,a086f16e-3c08-4fac-bbbb-643d056c252a.jpg,3942,883,patricklewis
4ae441a8-b566-43c6-98be-3677017c7cd6,YouTube,This is the most violent movie scene ever!,#chess #learn,2025-05-14 10:04:41,4ae441a8-b566-43c6-98be-3677017c7cd6.jpg,510,982,laneamber
83900081-f7ae-445e-b778-1370a6a08ca0,Twitter,Join us live for the global science fair.,#meme #lol,2025-05-14 10:04:07,83900081-f7ae-445e-b778-1370a6a08ca0.jpg,5410,383,pdavis
26e09fad-e993-4ac4-890a-f5eb89746070,YouTube,"This person is so dumb, LOL.",#study #focus,2025-05-14 09:59:54,26e09fad-e993-4ac4-890a-f5eb89746070.jpg,5520,456,marieyoung
ea964749-bdcb-4bbc-9dbf-18b1931049bc,Facebook,You won't believe what happened next!,#meme #lol,2025-05-14 10:02:52,ea964749-bdcb-4bbc-9dbf-18b1931049bc.jpg,7353,329,robert39
0d3228b5-a1ec-4571-8645-d020bf39dc87,Facebook,Learning new chess strategies is fun and challenging.,#study #focus,2025-05-14 10:04:55,0d3228b5-a1ec-4571-8645-d020bf39dc87.jpg,7627,394,alexanderjohnson
ef157129-53a8-4d36-8503-286e5e255bf3,Instagram,"Hate this so much, can't believe it!",#chess #learn,2025-05-14 10:02:20,ef157129-53a8-4d36-8503-286e5e255bf3.jpg,6206,736,sierraallen
fe3823f5-7ad4-4cfe-8620-63a150b5e571,Facebook,10 tips to stay focused during exams.,#news #world,2025-05-14 10:00:49,fe3823f5-7ad4-4cfe-8620-63a150b5e571.jpg,8527,515,toni10
09888486-e78f-4ec1-a78a-a70046176016,Instagram,Check out this new art tutorial.,#study #focus,2025-05-14 10:03:50,09888486-e78f-4ec1-a78a-a70046176016.jpg,1717,183,umccoy
46ceb316-3599-4d37-86f4-670d5853e337,Twitter,Learning new chess strategies is fun and challenging.,#chess #learn,2025-05-14 10:01:01,46ceb316-3599-4d37-86f4-670d5853e337.jpg,3769,736,clarkheather
a61a4390-eed7-4eab-910d-0f0adb87b2e1,YouTube,"Hate this so much, can't believe it!",#chess #learn,2025-05-14 10:04:30,a61a4390-eed7-4eab-910d-0f0adb87b2e1.jpg,1081,677,dalton76
286cc37d-2c8d-4912-ab33-0d211a44263f,YouTube,Study hacks for competitive exams.,#news #world,2025-05-14 10:02:57,286cc37d-2c8d-4912-ab33-0d211a44263f.jpg,8973,969,pattywilliams
f0e56219-162a-4ffb-986f-536d672276be,Instagram,"Hate this so much, can't believe it!",#meme #lol,2025-05-14 10:00:03,f0e56219-162a-4ffb-986f-536d672276be.jpg,3675,474,gking
6a062fc1-4dad-4a42-8228-78e264394071,Twitter,Study hacks for competitive exams.,#study #focus,2025-05-14 10:02:03,6a062fc1-4dad-4a42-8228-78e264394071.jpg,5399,132,bgray
a1f45648-77b4-4466-98ed-ce323efb7e28,YouTube,Check out this new art tutorial.,#chess #learn,2025-05-14 09:59:38,a1f45648-77b4-4466-98ed-ce323efb7e28.jpg,6419,708,millerrichard
5e7fe66f-19aa-4083-8b59-cbe812f1dd4b,Twitter,This is the most violent movie scene ever!,#news #world,2025-05-14 10:03:39,5e7fe66f-19aa-4083-8b59-cbe812f1dd4b.jpg,2314,344,ronnienelson
f5726ec4-c524-4ff0-b06c-0cae2dd9ffaa,Facebook,You won't believe what happened next!,#study #focus,2025-05-14 10:04:14,f5726ec4-c524-4ff0-b06c-0cae2dd9ffaa.jpg,1047,50,smithbrian
bb91bb9c-d180-4b56-af2b-98a110291bb9,Twitter,This is the most violent movie scene ever!,#chess #learn,2025-05-14 09:59:05,bb91bb9c-d180-4b56-af2b-98a110291bb9.jpg,1104,835,johnsoncharles
1a77fc94-7e13-4c59-8fab-791d2330a0a2,Facebook,Watch this hilarious prank compilation!,#fun #life,2025-05-14 10:00:27,1a77fc94-7e13-4c59-8fab-791d2330a0a2.jpg,9833,620,melanie24
d69e4671-8684-4c11-8a44-f6d987a834c2,Instagram,Check out this new art tutorial.,#fun #life,2025-05-14 10:01:39,d69e4671-8684-4c11-8a44-f6d987a834c2.jpg,8769,670,debra44
c9a8662e-ee05-4054-b4e6-31f3c93751b5,Facebook,Watch this hilarious prank compilation!,#study #focus,2025-05-14 10:04:26,c9a8662e-ee05-4054-b4e6-31f3c93751b5.jpg,7575,478,tylerbrooks
59df157e-e033-45c6-98b7-2ff9f209eba5,YouTube,"Hate this so much, can't believe it!",#chess #learn,2025-05-14 10:01:16,59df157e-e033-45c6-98b7-2ff9f209eba5.jpg,9229,139,sharpheidi
e17d0aeb-2fa9-442f-8d06-c4d6606a207e,Twitter,Check out this new art tutorial.,#fun #life,2025-05-14 10:01:15,e17d0aeb-2fa9-442f-8d06-c4d6606a207e.jpg,447,835,ili
6621415e-b988-4277-aa4b-129ba0ab06ff,YouTube,Watch this hilarious prank compilation!,#chess #learn,2025-05-14 10:01:44,6621415e-b988-4277-aa4b-129ba0ab06ff.jpg,4688,859,perezvictoria
260f7607-f544-4267-a239-fa2d5d39f25d,Facebook,You won't believe what happened next!,#news #world,2025-05-14 10:04:05,260f7607-f544-4267-a239-fa2d5d39f25d.jpg,3346,609,matthewbailey
62227787-1dbb-4f86-9ed9-d742376324f4,Twitter,10 tips to stay focused during exams.,#meme #lol,2025-05-14 10:02:16,62227787-1dbb-4f86-9ed9-d742376324f4.jpg,1555,653,kelseyshea
a0f03caa-131a-4e34-9584-f3ae4d2e3bf2,Instagram,"This person is so dumb, LOL.",#news #world,2025-05-14 10:00:30,a0f03caa-131a-4e34-9584-f3ae4d2e3bf2.jpg,8493,959,jasonrich
9d48392f-4b9e-4223-b905-6a22a2af2dfd,YouTube,This is the most violent movie scene ever!,#fun #life,2025-05-14 10:04:18,9d48392f-4b9e-4223-b905-6a22a2af2dfd.jpg,7272,549,maryflynn
6e2b8b3f-f7ee-4d00-8677-58da35c876db,Facebook,"Hate this so much, can't believe it!",#study #focus,2025-05-14 10:01:24,6e2b8b3f-f7ee-4d00-8677-58da35c876db.jpg,8997,389,michael20
f0153c1a-4ab8-4050-ab34-023d4c0a7adc,Twitter,You won't believe what happened next!,#chess #learn,2025-05-14 10:04:36,f0153c1a-4ab8-4050-ab34-023d4c0a7adc.jpg,9995,149,brian77
d903b6a3-77d1-4e27-bdca-e66fe5f6deb6,Instagram,This is the most violent movie scene ever!,#fun #life,2025-05-14 10:00:52,d903b6a3-77d1-4e27-bdca-e66fe5f6deb6.jpg,1392,703,jessica25
83735737-9200-44cb-9b17-ce469438b3bf,YouTube,"Hate this so much, can't believe it!",#news #world,2025-05-14 10:03:01,83735737-9200-44cb-9b17-ce469438b3bf.jpg,9427,385,lisa14
5a696660-6405-4df6-8925-263005626b94,Twitter,Learning new chess strategies is fun and challenging.,#meme #lol,2025-05-14 10:01:18,5a696660-6405-4df6-8925-263005626b94.jpg,1684,341,leonsherry
be1ebbe1-0903-4e82-bb7a-b7d6dfafe9b4,Twitter,You won't believe what happened next!,#fun #life,2025-05-14 10:03:56,be1ebbe1-0903-4e82-bb7a-b7d6dfafe9b4.jpg,1533,822,dmitchell
54d25e45-16dd-4f95-8a1d-aa75d57d0b3d,Twitter,You won't believe what happened next!,#meme #lol,2025-05-14 10:04:00,54d25e45-16dd-4f95-8a1d-aa75d57d0b3d.jpg,5588,483,stephentaylor
c7ad8c2d-e2c7-4e0a-be0e-9c3f097a0bab,Instagram,10 tips to stay focused during exams.,#chess #learn,2025-05-14 10:03:37,c7ad8c2d-e2c7-4e0a-be0e-9c3f097a0bab.jpg,6655,789,jamesdiaz
b889d6dd-1d11-450f-a44c-c5b983292e96,Instagram,10 tips to stay focused during exams.,#chess #learn,2025-05-14 10:04:33,b889d6dd-1d11-450f-a44c-c5b983292e96.jpg,6989,924,peggy42
67654828-3aa6-45cd-8c11-3ff3ceac1ca1,Twitter,"This person is so dumb, LOL.",#meme #lol,2025-05-14 10:01:34,67654828-3aa6-45cd-8c11-3ff3ceac1ca1.jpg,1182,245,harrisjohn
0882939f-d829-4f37-8459-ca4fb379d00c,Facebook,Watch this hilarious prank compilation!,#fun #life,2025-05-14 10:01:06,0882939f-d829-4f37-8459-ca4fb379d00c.jpg,3650,518,aguirrejoshua
26246bd1-e375-4d31-90fa-666dddb0b21c,Facebook,You won't believe what happened next!,#meme #lol,2025-05-14 09:59:51,26246bd1-e375-4d31-90fa-666dddb0b21c.jpg,7479,667,curtismelanie
cca70b67-52cb-4b4e-a970-0f7e9c398b0f,Twitter,Join us live for the global science fair.,#fun #life,2025-05-14 10:02:02,cca70b67-52cb-4b4e-a970-0f7e9c398b0f.jpg,1187,488,justintran
ed90e428-1538-4069-83b1-8af98833eb6d,Facebook,"Hate this so much, can't believe it!",#fun #life,2025-05-14 09:59:47,ed90e428-1538-4069-83b1-8af98833eb6d.jpg,3381,531,webererica
41b60f89-a04c-499f-9a5c-f45f62268ad1,Facebook,"Hate this so much, can't believe it!",#study #focus,2025-05-14 09:59:10,41b60f89-a04c-499f-9a5c-f45f62268ad1.jpg,5121,99,yolandajordan
059866db-df7f-46b5-93b4-5faaa68880eb,Instagram,This is the most violent movie scene ever!,#study #focus,2025-05-14 09:59:37,059866db-df7f-46b5-93b4-5faaa68880eb.jpg,6604,191,wernerfrank
c028a2a6-68d8-420e-b6b3-7bede8a18db8,Twitter,Check out this new art tutorial.,#chess #learn,2025-05-14 10:01:40,c028a2a6-68d8-420e-b6b3-7bede8a18db8.jpg,3965,968,taylordalton
20dc340f-d82b-477f-b504-14e6e18c04cb,Facebook,Study hacks for competitive exams.,#study #focus,2025-05-14 10:00:58,20dc340f-d82b-477f-b504-14e6e18c04cb.jpg,5373,985,eric43
b50c98df-505f-4723-807e-12b44dadb24e,Facebook,Join us live for the global science fair.,#fun #life,2025-05-14 10:04:10,b50c98df-505f-4723-807e-12b44dadb24e.jpg,9869,171,lloydmorgan
850fd5de-b05c-463e-8a1f-e848fa92f758,YouTube,Check out this new art tutorial.,#meme #lol,2025-05-14 10:03:57,850fd5de-b05c-463e-8a1f-e848fa92f758.jpg,9441,775,gravessabrina
654bc7b4-03dc-4431-923d-def9d77d57bc,Facebook,Study hacks for competitive exams.,#study #focus,2025-05-14 10:04:35,654bc7b4-03dc-4431-923d-def9d77d57bc.jpg,7600,989,james29
bd25b027-ddd6-4b1a-bf6d-56c073076a1d,Twitter,10 tips to stay focused during exams.,#meme #lol,2025-05-14 10:02:52,bd25b027-ddd6-4b1a-bf6d-56c073076a1d.jpg,4619,431,christine75
9dd81114-f6bf-4c38-9fbc-8907f522d099,Twitter,Study hacks for competitive exams.,#chess #learn,2025-05-14 10:04:26,9dd81114-f6bf-4c38-9fbc-8907f522d099.jpg,9555,838,michael77
739967b4-b01c-407c-a9a1-b43455bf391b,Instagram,"This person is so dumb, LOL.",#fun #life,2025-05-14 10:00:28,739967b4-b01c-407c-a9a1-b43455bf391b.jpg,5134,384,smithnatalie
0046846e-c049-4041-9ec7-b43cc1728efc,Facebook,This is the most violent movie scene ever!,#chess #learn,2025-05-14 10:01:45,0046846e-c049-4041-9ec7-b43cc1728efc.jpg,9944,241,crystalhancock
c3308447-307a-49a8-8e8a-f6ab50ef86e0,Facebook,Check out this new art tutorial.,#meme #lol,2025-05-14 10:04:28,c3308447-307a-49a8-8e8a-f6ab50ef86e0.jpg,464,241,ajohnson
9e09bdc9-f67e-490f-8d69-b5330b9c9f2b,Twitter,10 tips to stay focused during exams.,#news #world,2025-05-14 10:00:04,9e09bdc9-f67e-490f-8d69-b5330b9c9f2b.jpg,8311,800,whitejoshua
0d0d658c-f833-49fa-821d-59674ddfe9ec,Twitter,You won't believe what happened next!,#chess #learn,2025-05-14 10:01:39,0d0d658c-f833-49fa-821d-59674ddfe9ec.jpg,10,337,garciachristopher
bc7b6e36-4541-4d99-a58d-c5bc86c3f150,Facebook,Join us live for the global science fair.,#meme #lol,2025-05-14 10:02:53,bc7b6e36-4541-4d99-a58d-c5bc86c3f150.jpg,8133,413,smithkent
21135fca-e70f-41ca-b7f0-24f0cf8f99bf,Facebook,"Hate this so much, can't believe it!",#fun #life,2025-05-14 10:00:22,21135fca-e70f-41ca-b7f0-24f0cf8f99bf.jpg,65,999,linda20
e33d00cd-cc82-47e0-a9b3-74e993b17fb9,Facebook,"Hate this so much, can't believe it!",#study #focus,2025-05-14 10:02:38,e33d00cd-cc82-47e0-a9b3-74e993b17fb9.jpg,1967,429,mary29
6e89d311-a350-4462-ba38-b5ad649810cf,YouTube,"This person is so dumb, LOL.",#fun #life,2025-05-14 10:04:14,6e89d311-a350-4462-ba38-b5ad649810cf.jpg,8177,906,devin98
b858283d-4ab0-457a-a022-68261b6ca89e,YouTube,Check out this new art tutorial.,#meme #lol,2025-05-14 10:02:53,b858283d-4ab0-457a-a022-68261b6ca89e.jpg,3495,252,evanvazquez
dcfaa8c0-76b2-4b53-90ba-e830420a52bc,Facebook,"Hate this so much, can't believe it!",#chess #learn,2025-05-14 09:59:48,dcfaa8c0-76b2-4b53-90ba-e830420a52bc.jpg,1628,362,emily54
948b8a3c-9f6e-4226-9291-1ed06350a9b0,Facebook,Study hacks for competitive exams.,#chess #learn,2025-05-14 10:04:26,948b8a3c-9f6e-4226-9291-1ed06350a9b0.jpg,2002,709,griffinchristine
a97d69a2-84f5-4bfd-9690-e5d8d985da36,Facebook,This is the most violent movie scene ever!,#news #world,2025-05-14 10:00:40,a97d69a2-84f5-4bfd-9690-e5d8d985da36.jpg,2542,97,andersonmalik
66aff0c4-9d87-4bbd-bdb2-d663fa4e4c28,Instagram,"Hate this so much, can't believe it!",#study #focus,2025-05-14 10:03:51,66aff0c4-9d87-4bbd-bdb2-d663fa4e4c28.jpg,6697,504,thomasmichael
14d9cbc4-3f80-486b-801f-279990b152ea,Instagram,Learning new chess strategies is fun and challenging.,#chess #learn,2025-05-14 10:04:43,14d9cbc4-3f80-486b-801f-279990b152ea.jpg,2258,128,mariahmorris
55da89a4-a4a9-4563-82c3-5a73adb961b4,YouTube,Learning new chess strategies is fun and challenging.,#fun #life,2025-05-14 10:00:02,55da89a4-a4a9-4563-82c3-5a73adb961b4.jpg,3514,121,belleric
818f7b8b-81a2-4031-8b6c-3f3b83583a94,YouTube,"Hate this so much, can't believe it!",#study #focus,2025-05-14 10:03:57,818f7b8b-81a2-4031-8b6c-3f3b83583a94.jpg,1404,839,matthewthomas
a18321e0-eaf3-41fa-8c79-23c287a2f7e8,Instagram,This is the most violent movie scene ever!,#fun #life,2025-05-14 10:04:27,a18321e0-eaf3-41fa-8c79-23c287a2f7e8.jpg,9691,456,marctran
fb7b75ad-df13-4be3-8606-d043213ea789,YouTube,Learning new chess strategies is fun and challenging.,#fun #life,2025-05-14 10:01:37,fb7b75ad-df13-4be3-8606-d043213ea789.jpg,7047,114,johnschneider
99a2a028-58b5-4347-8793-9bca5babdfe3,Facebook,Join us live for the global science fair.,#chess #learn,2025-05-14 10:03:07,99a2a028-58b5-4347-8793-9bca5babdfe3.jpg,1093,611,xgarcia
96b535d8-62dc-4e7f-9479-e2195b4cc98b,Twitter,Learning new chess strategies is fun and challenging.,#news #world,2025-05-14 09:59:45,96b535d8-62dc-4e7f-9479-e2195b4cc98b.jpg,5371,927,shelley49
2f2f08b1-8887-48cd-b0ed-37deeba8ad96,Facebook,Learning new chess strategies is fun and challenging.,#meme #lol,2025-05-14 09:59:42,2f2f08b1-8887-48cd-b0ed-37deeba8ad96.jpg,4521,654,cynthiagarcia
4954c4d3-ccb6-49b8-875a-00b2a9fca5b3,Twitter,You won't believe what happened next!,#meme #lol,2025-05-14 10:01:07,4954c4d3-ccb6-49b8-875a-00b2a9fca5b3.jpg,8800,279,cherylparker
6b9dac2b-23d5-4bee-8660-01e2ae512ad4,Facebook,Study hacks for competitive exams.,#chess #learn,2025-05-14 10:00:11,6b9dac2b-23d5-4bee-8660-01e2ae512ad4.jpg,8710,868,davidsonjonathan
